--Create database ATBM
--use ATBM
-- XOA KHOA NGOAI
ALTER TABLE PHANCONG DROP CONSTRAINT FK_MANV;
ALTER TABLE PHANCONG DROP CONSTRAINT FK_MADA;
ALTER TABLE NHANVIEN DROP CONSTRAINT FK_PHG;
ALTER TABLE DEAN DROP CONSTRAINT FK_PHONG;
/
delete from NHANVIEN;
drop table NHANVIEN ;
/
CREATE TABLE NHANVIEN
(
	MANV CHAR(6),
	TENNV VARCHAR(40),
	PHAI CHAR(3),
	NGAYSINH DATE,
	DIACHIA VARCHAR(30),
	SODT CHAR(10),
	Luong INT,
	PHUCAP INT,
	VAITRO VARCHAR(20), 
	MANQL CHAR(6),
	PHG CHAR(4),

	constraint PK_NHANVIEN primary key (MANV)
);
/
delete from PHONGBAN;
drop table PHONGBAN;
/
CREATE TABLE PHONGBAN
(
	MAPB CHAR(4),
	TENPB VARCHAR(30),
	TRPHG CHAR(6),
	
	constraint PK_PHONGBAN primary key (MAPB)
);
/
delete from DEAN;
drop table DEAN;
/
CREATE TABLE DEAN
(
	MADA CHAR(6),
	TENDA VARCHAR(30),
	NGAYBD DATE,
	PHONG CHAR(4),

	constraint PK_DEAN primary key (MADA)
)
/
delete from PHANCONG;
drop table PHANCONG;
/
CREATE TABLE PHANCONG
(
	MANV CHAR(6),
	MADA CHAR(6),
	THOIGIAN VARCHAR(10),
	
	constraint PK_PHANCONG primary key (MANV, MADA)
);
/

-- THEM KHOA NGOAI
alter table PHANCONG
 add constraint FK_MANV foreign key (MANV)
references NHANVIEN(MANV);
/
alter table PHANCONG
 add constraint FK_MADA foreign key (MADA)
references DEAN(MADA);
/
alter table NHANVIEN
add constraint FK_PHG foreign key (PHG)
references PHONGBAN(MAPB);
/
alter table DEAN
add constraint FK_PHONG foreign key(PHONG)
references PHONGBAN(MAPB);
/
-- THEM DU LIEU
INSERT INTO PHONGBAN VALUES (N'P096', N'Phong ban 1', N'NV9148');
INSERT INTO PHONGBAN VALUES (N'P215', N'Phong ban 5', N'NV8955');
INSERT INTO PHONGBAN VALUES (N'P301', N'Phong ban 2', N'NV8627');
INSERT INTO PHONGBAN VALUES (N'P410', N'Phong ban 3', N'NV8763');
INSERT INTO PHONGBAN VALUES (N'P513', N'Phong ban 6', N'NV9046');
INSERT INTO PHONGBAN VALUES (N'P629', N'Phong ban 4', N'NV9248');
INSERT INTO PHONGBAN VALUES (N'P918', N'Phong ban 7', N'NV9188');
INSERT INTO PHONGBAN VALUES (N'P957', N'Phong ban 8', N'NV9144');
--------------------------------------------------------------------------------------------------------------------------------------------------------------------------------------------------------------------------------------------------------------------------------------------------------------------------
INSERT INTO NHANVIEN VALUES (N'NV0022', N'Nguyen Minh Anh', N'Nu ',TO_DATE(N'2004-07-31','yyyy-mm-dd'), N'RVJ6Q537AYY29VEIUA1CZ22ZW', N'0693931667', 50000000, 20000000, N'Nhan vien', N'NV6635', N'P513');
INSERT INTO NHANVIEN VALUES (N'NV0062', N'Mai Trinh Khoi', N'Nu ', TO_DATE(N'2004-04-17' , 'yyyy-mm-dd'), N'ALW33KK3U1QX1QQ6IM5VO', N'0107934652', 13000000, 6500000, N'Nhan vien', N'NV1420', N'P410');
INSERT INTO NHANVIEN VALUES (N'NV0114', N'Ly Hong Khoi', N'Nam', TO_DATE(N'2004-06-19' , 'yyyy-mm-dd'), N'D2YFY1', N'0993653746', 67000000, 11500000, N'Nhan vien', N'NV9606', N'P301');
INSERT INTO NHANVIEN VALUES (N'NV0135', N'Luong Cao Thu', N'Nu ', TO_DATE(N'2003-08-22' , 'yyyy-mm-dd'), N'CJS8745Y', N'0646926130', 57000000, 13000000, N'Nhan vien', N'NV7018', N'P301');
INSERT INTO NHANVIEN VALUES (N'NV0157', N'Ho Huong Truong', N'Nam', TO_DATE(N'2003-05-27' , 'yyyy-mm-dd'), N'SUYRYN482UHLLKQ0FALKKN28W', N'0388055545', 73000000, 17500000, N'Nhan vien', N'NV0965', N'P096');
INSERT INTO NHANVIEN VALUES (N'NV0170', N'Truong Duc Phuc', N'Nu ', TO_DATE(N'2003-10-31' , 'yyyy-mm-dd'), N'4SSXKCM64DULDVQMRUB', N'0991782349', 94000000, 12500000, N'Nhan vien', N'NV4994', N'P410');
INSERT INTO NHANVIEN VALUES (N'NV0174', N'Le Pham Viet', N'Nu ', TO_DATE(N'2004-11-13' , 'yyyy-mm-dd'), N'X3I9WFWPP53AD4AL', N'0493695635', 31000000, 11000000, N'Nhan vien', N'NV3678', N'P215');
INSERT INTO NHANVIEN VALUES (N'NV0189', N'Pham Huong Thu', N'Nam', TO_DATE(N'2003-06-09' , 'yyyy-mm-dd'), N'INYKUV41VU', N'0963893188', 28000000, 14000000, N'Nhan vien', N'NV7018', N'P410');
INSERT INTO NHANVIEN VALUES (N'NV0232', N'Pham Minh Tai', N'Nu ', TO_DATE(N'2003-04-16' , 'yyyy-mm-dd'), N'CKA7ZQ4BLWCMA7WIPDRACEEPJ', N'0144757680', 92000000, 9500000, N'Nhan vien', N'NV1169', N'P096');
INSERT INTO NHANVIEN VALUES (N'NV0238', N'Ly Duc y', N'Nu ', TO_DATE(N'2004-09-06' , 'yyyy-mm-dd'), N'2AIY6VF0BZESWJQ5U2NJXK2', N'0207357157', 14000000, 5000000, N'QL Truc Tiep', NULL, N'P629');
INSERT INTO NHANVIEN VALUES (N'NV0243', N'Nguyen Cao Duy', N'Nu ', TO_DATE(N'2004-09-17' , 'yyyy-mm-dd'), N'WRQHMKA3PTCH3XLXFU', N'0231188540', 38000000, 16500000, N'Nhan vien', N'NV5851', N'P301');
INSERT INTO NHANVIEN VALUES (N'NV0244', N'Mai Ngoc Thuan', N'Nu ', TO_DATE(N'2003-09-01' , 'yyyy-mm-dd'), N'URJWLZSVP45OXR62WVCGHC1L', N'0982147054', 55000000, 5500000, N'Nhan vien', N'NV7018', N'P629');
INSERT INTO NHANVIEN VALUES (N'NV0274', N'Mai Hoang Anh', N'Nu ', TO_DATE(N'2003-03-01' , 'yyyy-mm-dd'), N'841L03R9RAJSDI3K7AE1M9A', N'0942407273', 83000000, 9500000, N'Nhan vien', N'NV6090', N'P629');
INSERT INTO NHANVIEN VALUES (N'NV0335', N'Truong Trinh Khoi', N'Nam', TO_DATE(N'2004-06-03' , 'yyyy-mm-dd'), N'800SFW9', N'0104413807', 83000000, 5500000, N'Nhan vien', N'NV9606', N'P629');
INSERT INTO NHANVIEN VALUES (N'NV0351', N'Cao Pham Giang', N'Nam', TO_DATE(N'2002-04-15' , 'yyyy-mm-dd'), N'O85RH5FP', N'0692979274', 86000000, 11000000, N'Nhan vien', N'NV6090', N'P957');
INSERT INTO NHANVIEN VALUES (N'NV0417', N'Mai Quang Nguyen', N'Nam', TO_DATE(N'2004-08-24' , 'yyyy-mm-dd'), N'NEDKO8G1YUN3R49CM72E5NIRQ', N'0587494562', 14000000, 7000000, N'Nhan vien', N'NV4994', N'P301');
INSERT INTO NHANVIEN VALUES (N'NV0430', N'Ly Quy Anh', N'Nu ', TO_DATE(N'2002-12-05' , 'yyyy-mm-dd'), N'3SX4YWY20MYKJPQ35B44ZWMT', N'0375121972', 62000000, 12000000, N'Nhan vien', N'NV0965', N'P918');
INSERT INTO NHANVIEN VALUES (N'NV0462', N'Pham Huong Tai', N'Nam', TO_DATE(N'2002-01-10' , 'yyyy-mm-dd'), N'4VGGM3ZM9FFFLPJK9AA', N'0516083100', 44000000, 15500000, N'Nhan vien', N'NV3678', N'P410');
INSERT INTO NHANVIEN VALUES (N'NV0523', N'Mai Khanh Khoi', N'Nam', TO_DATE(N'2004-03-05' , 'yyyy-mm-dd'), N'CUS55TE1JPQMEYQJ', N'0430879833', 37000000, 12000000, N'Nhan vien', N'NV0965', N'P410');
INSERT INTO NHANVIEN VALUES (N'NV0568', N'Trinh Cao y', N'Nu ', TO_DATE(N'2003-09-26' , 'yyyy-mm-dd'), N'6TCQ67JOZHXRF60ECT2XFV67KPI', N'0500424577', 57000000, 6500000, N'Nhan vien', N'NV4313', N'P629');
INSERT INTO NHANVIEN VALUES (N'NV0597', N'Pham Pham Phuc', N'Nu ', TO_DATE(N'2002-07-16' , 'yyyy-mm-dd'), N'Y87ED17PBE4QIKFXG', N'0767439344', 67000000, 13000000, N'Nhan vien', N'NV1420', N'P513');
INSERT INTO NHANVIEN VALUES (N'NV0600', N'Ho Minh Trung', N'Nam', TO_DATE(N'2002-07-25' , 'yyyy-mm-dd'), N'H6S38TNW728FFXUD4YDGJ6E1ZGUEW', N'0367322183', 14000000, 16000000, N'Nhan vien', N'NV4994', N'P957');
INSERT INTO NHANVIEN VALUES (N'NV0601', N'Luong Anh y', N'Nu ', TO_DATE(N'2002-05-31' , 'yyyy-mm-dd'), N'NH6B23S28', N'0518724009', 39000000, 14500000, N'Nhan vien', N'NV1420', N'P410');
INSERT INTO NHANVIEN VALUES (N'NV0610', N'Truong Tran Thuan', N'Nam', TO_DATE(N'2002-08-29' , 'yyyy-mm-dd'), N'EHLMDMQ8NTKODP', N'0203730736', 41000000, 15500000, N'Nhan vien', N'NV6090', N'P918');
INSERT INTO NHANVIEN VALUES (N'NV0672', N'Trinh Anh Thuan', N'Nam', TO_DATE(N'2003-09-14' , 'yyyy-mm-dd'), N'YB0SX4X6IOA9KXXPOGEY29', N'0393601753', 33000000, 12000000, N'Nhan vien', N'NV1420', N'P410');
INSERT INTO NHANVIEN VALUES (N'NV0680', N'Le Trinh Thuan', N'Nu ', TO_DATE(N'2003-04-14' , 'yyyy-mm-dd'), N'U1W3L82AKA6AK3G2J46N0WGQCM', N'0586959129', 58000000, 8500000, N'Nhan vien', N'NV4313', N'P096');
INSERT INTO NHANVIEN VALUES (N'NV0688', N'Luong Quang Anh', N'Nam', TO_DATE(N'2003-10-17' , 'yyyy-mm-dd'), N'A7BUT8IRK7', N'0384531911', 11000000, 14500000, N'Nhan vien', N'NV7302', N'P410');
INSERT INTO NHANVIEN VALUES (N'NV0766', N'Le Tran Truong', N'Nam', TO_DATE(N'2002-10-25' , 'yyyy-mm-dd'), N'B5AVF5HAIKUNQM0', N'0380739870', 45000000, 7000000, N'Nhan vien', N'NV1169', N'P410');
INSERT INTO NHANVIEN VALUES (N'NV0791', N'Truong Trinh Nguyen', N'Nu ', TO_DATE(N'2003-02-19' , 'yyyy-mm-dd'), N'FHIASIU5CD7ZMR5', N'0531644643', 54000000, 11500000, N'Nhan vien', N'NV1169', N'P918');
INSERT INTO NHANVIEN VALUES (N'NV0793', N'Trinh Huong Trung', N'Nu ', TO_DATE(N'2004-03-27' , 'yyyy-mm-dd'), N'ZOTZ9E', N'0922327087', 46000000, 7500000, N'Nhan vien', N'NV6577', N'P629');
INSERT INTO NHANVIEN VALUES (N'NV0805', N'Luong Hoang Trung', N'Nu ', TO_DATE(N'2002-01-18' , 'yyyy-mm-dd'), NULL, N'0763693410', 63000000, 9500000, N'Nhan vien', N'NV4286', N'P629');
INSERT INTO NHANVIEN VALUES (N'NV0830', N'Mai Trinh Thu', N'Nam', TO_DATE(N'2003-04-05' , 'yyyy-mm-dd'), N'OBHCC1HEY6CMMPFIG5S33U9CWU', N'0286145933', 40000000, 17500000, N'Nhan vien', N'NV6635', N'P513');
INSERT INTO NHANVIEN VALUES (N'NV0884', N'Ho Hong Thu', N'Nam', TO_DATE(N'2004-07-24' , 'yyyy-mm-dd'), N'XYZUEKB1', N'0512384969', 24000000, 12000000, N'Nhan vien', N'NV7302', N'P096');
INSERT INTO NHANVIEN VALUES (N'NV0965', N'Tran Khanh Anh', N'Nu ', TO_DATE(N'2003-10-05' , 'yyyy-mm-dd'), N'GW1I38RPCGQA', N'0699028360', 15000000, 5500000, N'QL Truc Tiep', NULL, N'P957');
INSERT INTO NHANVIEN VALUES (N'NV0972', N'Luong Quy Giang', N'Nu ', TO_DATE(N'2002-11-30' , 'yyyy-mm-dd'), N'LSF3PGTTJ38', N'0391823147', 97000000, 12000000, N'Nhan vien', N'NV0965', N'P215');
INSERT INTO NHANVIEN VALUES (N'NV1037', N'Truong Trinh Thu', N'Nu ', TO_DATE(N'2002-01-14' , 'yyyy-mm-dd'), N'VKOWFEVRG18BFNML3EYP9N9', N'0416059539', 74000000, 16500000, N'Nhan vien', N'NV9606', N'P513');
INSERT INTO NHANVIEN VALUES (N'NV1038', N'Luong Minh Truong', N'Nam', TO_DATE(N'2002-12-16' , 'yyyy-mm-dd'), N'XY5JZ4Z', N'0589394187', 77000000, 16500000, N'Nhan vien', N'NV3163', N'P918');
INSERT INTO NHANVIEN VALUES (N'NV1062', N'Tran Duc Nguyen', N'Nam', TO_DATE(N'2003-09-19' , 'yyyy-mm-dd'), N'62', N'0367312604', 73000000, 14500000, N'Nhan vien', N'NV3678', N'P918');
INSERT INTO NHANVIEN VALUES (N'NV1114', N'Nguyen Trinh Phuc', N'Nu ', TO_DATE(N'2002-09-08' , 'yyyy-mm-dd'), N'4HXGCXYZE', N'0556368937', 91000000, 11000000, N'Nhan vien', N'NV9606', N'P513');
INSERT INTO NHANVIEN VALUES (N'NV1115', N'Tran Huong Giang', N'Nu ', TO_DATE(N'2003-10-22' , 'yyyy-mm-dd'), N'7KPDL73ACFS16BFV7R82RVRX4K', N'0123659470', 80000000, 19500000, N'Nhan vien', N'NV6577', N'P513');
INSERT INTO NHANVIEN VALUES (N'NV1167', N'Ly Khanh Khoi', N'Nam', TO_DATE(N'2004-04-08' , 'yyyy-mm-dd'), N'NIIGEACCC0HJOS15LP6I6', N'0302205069', 70000000, 13000000, N'Nhan vien', N'NV3163', N'P215');
INSERT INTO NHANVIEN VALUES (N'NV1169', N'Tran Quy Khoi', N'Nam', TO_DATE(N'2004-09-19' , 'yyyy-mm-dd'), N'9YVQCN9NWFOCRFK', N'0720722286', 98000000, 17000000,N'QL Truc Tiep', NULL, N'P215');
INSERT INTO NHANVIEN VALUES (N'NV1198', N'Truong Tran Sam', N'Nam', TO_DATE(N'2004-12-14' , 'yyyy-mm-dd'), N'', N'0669499271', 74000000, 15000000, N'Nhan vien', N'NV6090', N'P513');
INSERT INTO NHANVIEN VALUES (N'NV1222', N'Luong Anh Tai', N'Nu ', TO_DATE(N'2002-12-31' , 'yyyy-mm-dd'), N'XWDXWRQHD42WXD4UJ9', N'0290609232', 40000000, 20000000, N'Nhan vien', N'NV1169', N'P215');
INSERT INTO NHANVIEN VALUES (N'NV1230', N'Mai Duc Khoi', N'Nam', TO_DATE(N'2004-05-28' , 'yyyy-mm-dd'), N'DIL7UGQISBVIYECU1UP6PQ51KX7PZ', N'0136449813', 44000000, 17000000, N'Nhan vien', N'NV4025', N'P918');
INSERT INTO NHANVIEN VALUES (N'NV1350', N'Cao Ngoc Nguyen', N'Nu ', TO_DATE(N'2004-11-04' , 'yyyy-mm-dd'), N'FFSI93D6IKHGPR', N'0742777521', 61000000, 10000000, N'Nhan vien', N'NV1420', N'P513');
INSERT INTO NHANVIEN VALUES (N'NV1358', N'Nguyen Quang Phuc', N'Nam', TO_DATE(N'2003-01-19' , 'yyyy-mm-dd'), N'8D554TYXZVJC095RQBSH8M4LYCREP', N'0482763821', 89000000, 8000000, N'Nhan vien', N'NV7018', N'P629');
INSERT INTO NHANVIEN VALUES (N'NV1372', N'Cao Tran Tai', N'Nu ', TO_DATE(N'2004-07-01' , 'yyyy-mm-dd'), N'X4VOLAZ0L5SPUKDCJYPTB9PVM09', N'0904738326', 75000000, 18500000, N'Nhan vien', N'NV9606', N'P629');
INSERT INTO NHANVIEN VALUES (N'NV1373', N'Nguyen Quang Nguyen', N'Nam', TO_DATE(N'2002-02-26' , 'yyyy-mm-dd'), N'LEF', N'0941208564', 15000000, 7500000, N'Nhan vien', N'NV3111', N'P410');
INSERT INTO NHANVIEN VALUES (N'NV1393', N'Le Minh Giang', N'Nu ', TO_DATE(N'2002-02-21' , 'yyyy-mm-dd'), N'8E1HO1Q8LW', N'0413761085', 63000000, 11000000, N'Nhan vien', N'NV7302', N'P410');
INSERT INTO NHANVIEN VALUES (N'NV1420', N'Le Pham Trung', N'Nam', TO_DATE(N'2003-04-24' , 'yyyy-mm-dd'), N'XE34823CZRNA5A2', N'0627738187', 18000000, 7000000, N'QL Truc Tiep', NULL, N'P957');
INSERT INTO NHANVIEN VALUES (N'NV1442', N'Ho Trinh Viet', N'Nam', TO_DATE(N'2003-01-21' , 'yyyy-mm-dd'), N'X7RBHYYWWH', N'0460012536', 34000000, 17000000, N'Nhan vien', N'NV4025', N'P215');
INSERT INTO NHANVIEN VALUES (N'NV1468', N'Trinh Khanh Khoi', N'Nam', TO_DATE(N'2002-06-02' , 'yyyy-mm-dd'), N'QTVP9W2P77', N'0715073902', 70000000, 18500000, N'Nhan vien', N'NV3163', NULL);
INSERT INTO NHANVIEN VALUES (N'NV1524', N'Nguyen Khanh Anh', N'Nam', TO_DATE(N'2003-04-23' , 'yyyy-mm-dd'), N'VB20NDSYDJQMLKKEATSTEP6E3D2', N'0411934482', 24000000, 10000000, N'Nhan vien', N'NV6577', N'P096');
INSERT INTO NHANVIEN VALUES (N'NV1561', N'Tran Minh Tai', N'Nu ', TO_DATE(N'2002-04-10' , 'yyyy-mm-dd'), N'YTVDL0O1LNKD8KA6', N'0364300421', 49000000, 9000000, N'Nhan vien', N'NV6635', N'P957');
INSERT INTO NHANVIEN VALUES (N'NV1583', N'Luong Cao Thuan', N'Nu ', TO_DATE(N'2003-12-11' , 'yyyy-mm-dd'), N'2O9BFTMN8ASPDSGEQWKBPIH7HGJJ', N'0253209254', 49000000, 6000000, N'Nhan vien', N'NV4286', N'P918');
INSERT INTO NHANVIEN VALUES (N'NV1603', N'Luong Nguyen Tai', N'Nu ', TO_DATE(N'2004-04-04' , 'yyyy-mm-dd'), N'38DBBMAH5FXXF4UU06IDGS0GTL8', N'0980583301', 90000000, 8500000, N'Nhan vien', N'NV2501', N'P629');
INSERT INTO NHANVIEN VALUES (N'NV1612', N'Tran Huong Viet', N'Nu ', TO_DATE(N'2004-02-17' , 'yyyy-mm-dd'), N'OQIU1G96ZWGP0QNG', N'0698764565', 36000000, 13000000, N'Nhan vien', N'NV4025', N'P096');
INSERT INTO NHANVIEN VALUES (N'NV1660', N'Le Hong Khoi', N'Nu ', TO_DATE(N'2004-11-29' , 'yyyy-mm-dd'), N'1ONPLE2I91', N'0105484359', 62000000, 9000000, N'Nhan vien', N'NV6090', N'P513');
INSERT INTO NHANVIEN VALUES (N'NV1705', N'Trinh Quy Duy', N'Nu ', TO_DATE(N'2003-04-23' , 'yyyy-mm-dd'), N'XTJDW7EQN9TAA056H9JPD7GQXH', N'0140628451', 47000000, 5000000, N'Nhan vien', N'NV9606', N'P629');
INSERT INTO NHANVIEN VALUES (N'NV1775', N'Ho Duc Khoi', N'Nam', TO_DATE(N'2002-01-04' , 'yyyy-mm-dd'), N'', N'0923926478', 41000000, 18000000, N'Nhan vien', N'NV1420', NULL);
INSERT INTO NHANVIEN VALUES (N'NV1810', N'Mai Tran Viet', N'Nam', TO_DATE(N'2004-06-07' , 'yyyy-mm-dd'), N'DAHW573KV0', N'0916236714', 33000000, 16500000, N'Nhan vien', N'NV4025', N'P410');
INSERT INTO NHANVIEN VALUES (N'NV1814', N'Nguyen Duc Phuc', N'Nam', TO_DATE(N'2003-06-20' , 'yyyy-mm-dd'), N'HP32MJ35RNON844FTPZAN9U6TWV2V', N'0800923391', 35000000, 15000000, N'Nhan vien', N'NV2501', N'P301');
INSERT INTO NHANVIEN VALUES (N'NV1826', N'Luong Hong Sam', N'Nam', TO_DATE(N'2003-03-28' , 'yyyy-mm-dd'), N'75803ODK0E7TRZLBO0RH', N'0425703327', 68000000, NULL, N'Nhan vien', N'NV7302', N'P513');
INSERT INTO NHANVIEN VALUES (N'NV1877', N'Mai Hoang Trung', N'Nam', TO_DATE(N'2003-09-06' , 'yyyy-mm-dd'), N'ZE5XB3SXICWC6MUY', N'0208528778', 32000000, 16000000, N'Nhan vien', N'NV1169', N'P918');
INSERT INTO NHANVIEN VALUES (N'NV1906', N'Truong Nguyen Viet', N'Nam', TO_DATE(N'2002-10-26' , 'yyyy-mm-dd'), N'9', N'0728397579', 32000000, 14000000, N'Nhan vien', N'NV7018', N'P096');
INSERT INTO NHANVIEN VALUES (N'NV1908', N'Trinh Trinh Anh', N'Nam', TO_DATE(N'2003-06-09' , 'yyyy-mm-dd'), N'LBBDBJ', N'0943085883', 58000000, 13500000, N'Nhan vien', N'NV7302', N'P215');
INSERT INTO NHANVIEN VALUES (N'NV1961', N'Tran Huong Giang', N'Nu ', TO_DATE(N'2002-08-27' , 'yyyy-mm-dd'), N'D4PU460G', N'0941355084', 38000000, 19000000, N'Nhan vien', N'NV9606', N'P629');
INSERT INTO NHANVIEN VALUES (N'NV1967', N'Trinh Nh?t Truong', N'Nu ', TO_DATE(N'2002-02-14' , 'yyyy-mm-dd'), N'4VKED8W5GI0HQTJQY', N'0209904823', 51000000, 10000000, N'Nhan vien', N'NV6577', N'P301');
INSERT INTO NHANVIEN VALUES (N'NV1990', N'Ly Cao Phuc', N'Nu ', TO_DATE(N'2003-08-01' , 'yyyy-mm-dd'), N'0B0IEY3Y1YIEPKCK51F2', N'0521170876', 95000000, 13000000, N'Nhan vien', N'NV4025', N'P215');
INSERT INTO NHANVIEN VALUES (N'NV2026', N'Cao Cao Truong', N'Nam', TO_DATE(N'2003-02-01' , 'yyyy-mm-dd'), N'CPV2ZJUTOKD38SUHEML5HPK97', N'0612805890', 87000000, 9000000, N'Nhan vien', N'NV4286', N'P918');
INSERT INTO NHANVIEN VALUES (N'NV2030', N'Mai Quy Tai', N'Nam', TO_DATE(N'2003-02-06' , 'yyyy-mm-dd'), N'SDML6W', N'0435972355', 92000000, 11500000, N'Nhan vien', N'NV3111', N'P957');
INSERT INTO NHANVIEN VALUES (N'NV2040', N'Trinh Khanh Khoi', N'Nu ', TO_DATE(N'2003-12-14' , 'yyyy-mm-dd'), N'72PFJ0B0P9US8V4', N'0618406064', 82000000, 19000000, N'Nhan vien', N'NV6090', N'P096');
INSERT INTO NHANVIEN VALUES (N'NV2054', N'Luong Pham Trung', N'Nam', TO_DATE(N'2003-10-07' , 'yyyy-mm-dd'), N'NUJR3RB7TL4S3YQWZMBCS65', N'0389687595', 61000000, NULL, N'Nhan vien', N'NV3111', N'P957');
INSERT INTO NHANVIEN VALUES (N'NV2062', N'Tran Ngoc Nguyen', N'Nam', TO_DATE(N'2003-11-12' , 'yyyy-mm-dd'), N'PU8', N'0433535598', 28000000, 7500000, N'Nhan vien', N'NV1169', N'P918');
INSERT INTO NHANVIEN VALUES (N'NV2081', N'Cao Quy Viet', N'Nu ', TO_DATE(N'2003-08-28' , 'yyyy-mm-dd'), N'UZBMUN27B', N'0546185563', 23000000, 5000000, N'Nhan vien', N'NV1169', N'P629');
INSERT INTO NHANVIEN VALUES (N'NV2100', N'Ho Hoang Thuan', N'Nu ', TO_DATE(N'2002-04-29' , 'yyyy-mm-dd'), N'F5KM7O5W', N'0221105156', 35000000, 12500000, N'Nhan vien', N'NV4313', N'P918');
INSERT INTO NHANVIEN VALUES (N'NV2194', N'Mai Hoang y', N'Nu ', TO_DATE(N'2002-10-09' , 'yyyy-mm-dd'), N'GBZCXI', N'0301779627', 10000000, 5000000, N'Nhan vien', N'NV5851', N'P918');
INSERT INTO NHANVIEN VALUES (N'NV2210', N'Le Nguyen Tai', N'Nam', TO_DATE(N'2003-10-09' , 'yyyy-mm-dd'), N'1F', N'0429072156', 99000000, 13000000, N'Nhan vien', N'NV3163', N'P629');
INSERT INTO NHANVIEN VALUES (N'NV2225', N'Mai Quy Trung', N'Nu ', TO_DATE(N'2002-01-26' , 'yyyy-mm-dd'), N'KP47ZK8WMY', N'0428634169', 58000000, NULL, N'Nhan vien', N'NV4025', NULL);
INSERT INTO NHANVIEN VALUES (N'NV2254', N'Nguyen Ngoc Thu', N'Nam', TO_DATE(N'2003-01-25' , 'yyyy-mm-dd'), N'TX3UGIM3P01TY6Q9A6RL', N'0412684277', 56000000, 7500000, N'Nhan vien', N'NV4994', N'P629');
INSERT INTO NHANVIEN VALUES (N'NV2261', N'Nguyen Minh Anh', N'Nu ', TO_DATE(N'2004-04-26' , 'yyyy-mm-dd'), N'54JCCMCJNW80IEVJF4JUK', N'0618427988', 46000000, 18000000, N'Nhan vien', N'NV4025', N'P918');
INSERT INTO NHANVIEN VALUES (N'NV2292', N'Le Pham Khoi', N'Nu ', TO_DATE(N'2002-03-14' , 'yyyy-mm-dd'), N'1A8ONF591JQ', N'0493474939', 71000000, 13500000, N'Nhan vien', N'NV5851', N'P410');
INSERT INTO NHANVIEN VALUES (N'NV2337', N'Cao Trinh Anh', N'Nu ', TO_DATE(N'2003-08-26' , 'yyyy-mm-dd'), N'FT51KZSXGTDMMV', N'0953974307', 78000000, 20000000, N'Nhan vien', N'NV7018', N'P096');
INSERT INTO NHANVIEN VALUES (N'NV2368', N'Cao Pham Truong', N'Nam', TO_DATE(N'2003-10-18' , 'yyyy-mm-dd'), N'QV397BIMVUE63UZL9Y0IKENX', N'0886202330', 66000000, 17000000, N'Nhan vien', N'NV2501', N'P957');
INSERT INTO NHANVIEN VALUES (N'NV2409', N'Cao Huong Giang', N'Nu ', TO_DATE(N'2002-07-03' , 'yyyy-mm-dd'), N'FLLZDK6MGN', N'0816126019', 10000000, 16000000, N'Nhan vien', N'NV1169', N'P957');
INSERT INTO NHANVIEN VALUES (N'NV2480', N'Mai Pham Tai', N'Nam', TO_DATE(N'2002-07-01' , 'yyyy-mm-dd'), N'AHD8Z', N'0248242073', 22000000, 20000000, N'Nhan vien', N'NV2501', N'P301');
INSERT INTO NHANVIEN VALUES (N'NV2501', N'Nguyen Quy Truong', N'Nam', TO_DATE(N'2004-08-09' , 'yyyy-mm-dd'), N'6M2XLCBONH5J54JR6ZU', N'0674789251', 11000000, 19000000, N'QL Truc Tiep', NULL, N'P957');
INSERT INTO NHANVIEN VALUES (N'NV2520', N'Mai Quy Nguyen', N'Nam', TO_DATE(N'2002-08-21' , 'yyyy-mm-dd'), N'SKE9YMPB8401SYIA8', N'0618773494', 55000000, 12000000, N'Nhan vien', N'NV6635', N'P301');
INSERT INTO NHANVIEN VALUES (N'NV2532', N'Luong Quang Thu', N'Nu ', TO_DATE(N'2003-08-17' , 'yyyy-mm-dd'), N'T86538UIWTGHJ9008HQ5384IZ', N'0592734375', 65000000, 13500000, N'Nhan vien', N'NV3163', N'P301');
INSERT INTO NHANVIEN VALUES (N'NV2566', N'Cao Trinh Thuan', N'Nu ', TO_DATE(N'2003-08-04' , 'yyyy-mm-dd'), N'4O35S2Y0XXKH8VZG8XW34FU4T67', N'0793134302', 20000000, 19000000, N'Nhan vien', N'NV2501', N'P096');
INSERT INTO NHANVIEN VALUES (N'NV2576', N'Tran Khanh Phuc', N'Nam', TO_DATE(N'2002-06-17' , 'yyyy-mm-dd'), N'RZIYE', N'0305572189', 59000000, 9000000, N'Nhan vien', N'NV3111', N'P629');
INSERT INTO NHANVIEN VALUES (N'NV2584', N'Truong Quang Nguyen', N'Nam', TO_DATE(N'2003-09-18' , 'yyyy-mm-dd'), N'EA0AKO60RA37MGTT84MVGT50787BG', N'0493045977', 26000000, 13000000, N'Nhan vien', N'NV7302', N'P957');
INSERT INTO NHANVIEN VALUES (N'NV2593', N'Le Duc Trung', N'Nam', TO_DATE(N'2004-11-28' , 'yyyy-mm-dd'), N'FJX3J0YE0', N'0234216108', 39000000, 17000000, N'Nhan vien', N'NV4994', N'P215');
INSERT INTO NHANVIEN VALUES (N'NV2618', N'Trinh Ngoc Sam', N'Nu ', TO_DATE(N'2004-12-12' , 'yyyy-mm-dd'), N'WFPI', N'0311461622', 76000000, 6000000, N'Nhan vien', N'NV3163', N'P513');
INSERT INTO NHANVIEN VALUES (N'NV2634', N'Ly Anh Sam', N'Nu ', TO_DATE(N'2003-06-27' , 'yyyy-mm-dd'), N'42NTXEYOAPA55U4RM3946', N'0750725589', 54000000, 8500000, N'Nhan vien', N'NV3163', N'P513');
INSERT INTO NHANVIEN VALUES (N'NV2640', N'Truong Minh Trung', N'Nu ', TO_DATE(N'2004-04-21' , 'yyyy-mm-dd'), N'QF95F2RRTF6FJN70', N'0595045808', 98000000, 14500000, N'Nhan vien', N'NV7302', N'P410');
INSERT INTO NHANVIEN VALUES (N'NV2663', N'Nguyen Tran Phuc', N'Nu ', TO_DATE(N'2002-01-14' , 'yyyy-mm-dd'), N'', N'0727851385', 79000000, 5000000, N'Nhan vien', N'NV3163', N'P629');
INSERT INTO NHANVIEN VALUES (N'NV2852', N'Truong Quy Thuan', N'Nu ', TO_DATE(N'2002-11-27' , 'yyyy-mm-dd'), N'WBAO9SG5V0IVO9PQ3OKGW', N'0730074397', 76000000, 19000000, N'Nhan vien', N'NV5833', N'P513');
INSERT INTO NHANVIEN VALUES (N'NV2859', N'Ly Hong Giang', N'Nam', TO_DATE(N'2004-01-05' , 'yyyy-mm-dd'), N'O3UKXK', N'0245664776', 27000000, 11500000, N'Nhan vien', N'NV0965', N'P301');
INSERT INTO NHANVIEN VALUES (N'NV2926', N'Trinh Quy Truong', N'Nu ', TO_DATE(N'2003-10-11' , 'yyyy-mm-dd'), N'1RQ', N'0728590082', 98000000, 12500000, N'Nhan vien', N'NV7018', N'P513');
INSERT INTO NHANVIEN VALUES (N'NV2968', N'Trinh Quang Thuan', N'Nam', TO_DATE(N'2002-03-24' , 'yyyy-mm-dd'), N'3LP7WSXWBNZ', N'0531784349', 35000000, 17500000, N'Nhan vien', N'NV4025', N'P629');
INSERT INTO NHANVIEN VALUES (N'NV3009', N'Nguyen Quy Phuc', N'Nam', TO_DATE(N'2003-03-03' , 'yyyy-mm-dd'), N'EQY2N6GEALY3SX3', N'0143978789', 53000000, 6000000, N'Nhan vien', N'NV9606', N'P096');
INSERT INTO NHANVIEN VALUES (N'NV3010', N'Nguyen Cao Viet', N'Nu ', TO_DATE(N'2003-11-21' , 'yyyy-mm-dd'), N'LBKYENP', N'0585536277', 12000000, 6000000, N'Nhan vien', N'NV3678', N'P513');
INSERT INTO NHANVIEN VALUES (N'NV3051', N'Luong Cao Trung', N'Nu ', TO_DATE(N'2002-09-14' , 'yyyy-mm-dd'), N'4VT49P9XE8W1OWH', N'0878179850', 30000000, 10500000, N'Nhan vien', N'NV6090', N'P629');
INSERT INTO NHANVIEN VALUES (N'NV3070', N'Nguyen Quy y', N'Nu ', TO_DATE(N'2002-06-16' , 'yyyy-mm-dd'), N'98O15JCWY4Y7', N'0525568571', 29000000, 10000000, N'Nhan vien', N'NV3111', N'P215');
INSERT INTO NHANVIEN VALUES (N'NV3111', N'Mai Khanh Trung', N'Nam', TO_DATE(N'2003-03-28' , 'yyyy-mm-dd'), N'CUNO5OSLISFIZ8KH6Q3', N'0711224842', 12000000, 19500000, N'QL Truc Tiep', NULL, N'P513');
INSERT INTO NHANVIEN VALUES (N'NV3138', N'Ho Hong Tai', N'Nu ', TO_DATE(N'2003-03-03' , 'yyyy-mm-dd'), N'7D6YRJGFKVE88DQY', N'0308674674', 86000000, 8500000, N'Nhan vien', N'NV4025', N'P957');
INSERT INTO NHANVIEN VALUES (N'NV3163', N'Tran Huong Giang', N'Nam', TO_DATE(N'2004-11-09' , 'yyyy-mm-dd'), N'U9LVYT', N'0219974930', 13000000, 20000000, N'QL Truc Tiep', NULL, N'P957');
INSERT INTO NHANVIEN VALUES (N'NV3177', N'Ly Minh Anh', N'Nam', TO_DATE(N'2004-07-02' , 'yyyy-mm-dd'), N'UJ9', N'0866182488', 28000000, 9500000, N'Nhan vien', N'NV0965', N'P215');
INSERT INTO NHANVIEN VALUES (N'NV3224', N'Pham Khanh Tai', N'Nu ', TO_DATE(N'2003-03-04' , 'yyyy-mm-dd'), N'YFIOQY94FSXXQE8VX8PO1A31B', N'0481653405', 37000000, 16000000, N'Nhan vien', N'NV0965', N'P410');
INSERT INTO NHANVIEN VALUES (N'NV3269', N'Mai Cao Sam', N'Nu ', TO_DATE(N'2003-08-03' , 'yyyy-mm-dd'), N'SSMD03KIKKU9F9IPPW', N'0400677090', 49000000, 18000000, N'Nhan vien', N'NV3678', N'P215');
INSERT INTO NHANVIEN VALUES (N'NV3354', N'Truong Nh?t Viet', N'Nam', TO_DATE(N'2004-03-26' , 'yyyy-mm-dd'), N'M2', N'0917641485', 56000000, 12500000, N'Nhan vien', N'NV5833', N'P629');
INSERT INTO NHANVIEN VALUES (N'NV3359', N'Cao Trinh Viet', N'Nu ', TO_DATE(N'2002-02-14' , 'yyyy-mm-dd'), N'BW2WF2HO2O6TC32I991IX2IFE0', N'0930268115', 19000000, 5000000, N'Nhan vien', N'NV1169', N'P215');
INSERT INTO NHANVIEN VALUES (N'NV3411', N'Trinh Nh?t Giang', N'Nam', TO_DATE(N'2002-08-28' , 'yyyy-mm-dd'), N'CENR', N'0113999778', 48000000, 8500000, N'Nhan vien', N'NV3163', N'P629');
INSERT INTO NHANVIEN VALUES (N'NV3422', N'Truong Pham Nguyen', N'Nu ', TO_DATE(N'2004-03-17' , 'yyyy-mm-dd'), N'UWXN77CT24Q3BTC', N'0875123342', 43000000, 6000000, N'Nhan vien', N'NV9606', N'P629');
INSERT INTO NHANVIEN VALUES (N'NV3442', N'Ho Nh?t Khoi', N'Nam', TO_DATE(N'2003-01-30' , 'yyyy-mm-dd'), N'PG2YXBWEYGUC', N'0298799540', 60000000, 11000000, N'Nhan vien', N'NV4313', N'P918');
INSERT INTO NHANVIEN VALUES (N'NV3468', N'Luong Quang Sam', N'Nu ', TO_DATE(N'2003-07-23' , 'yyyy-mm-dd'), N'338', N'0422067310', 82000000, 6500000, N'Nhan vien', N'NV4025', N'P301');
INSERT INTO NHANVIEN VALUES (N'NV3488', N'Trinh Trinh Truong', N'Nu ', TO_DATE(N'2004-10-27' , 'yyyy-mm-dd'), N'IOMO0KKK', N'0594625988', 72000000, 17000000, N'Nhan vien', N'NV6090', N'P096');
INSERT INTO NHANVIEN VALUES (N'NV3514', N'Ly Anh Anh', N'Nam', TO_DATE(N'2002-06-23' , 'yyyy-mm-dd'), N'', N'0742694525', 39000000, 13000000, N'Nhan vien', N'NV4994', N'P215');
INSERT INTO NHANVIEN VALUES (N'NV3620', N'Ho Hoang y', N'Nam', TO_DATE(N'2004-07-21' , 'yyyy-mm-dd'), N'LL28OOTATUOZBRNDIBL4A5UNBTC9', N'0128134902', 66000000, 11000000, N'Nhan vien', N'NV5833', N'P957');
INSERT INTO NHANVIEN VALUES (N'NV3653', N'Le Khanh Phuc', N'Nu ', TO_DATE(N'2004-12-01' , 'yyyy-mm-dd'), N'2K5EI1Y3JA0AZS79S06S3DONB', N'0160023822', 41000000, 5000000, N'Nhan vien', N'NV1169', N'P957');
INSERT INTO NHANVIEN VALUES (N'NV3655', N'Ho Quang Duy', N'Nu ', TO_DATE(N'2003-04-19' , 'yyyy-mm-dd'), N'BMYUCTE0ECJX8', N'0503199637', 88000000, 12000000, N'Nhan vien', N'NV2501', N'P918');
INSERT INTO NHANVIEN VALUES (N'NV3678', N'Tran Hong Truong', N'Nam', TO_DATE(N'2002-10-11' , 'yyyy-mm-dd'), N'HNWJB681X1VHY5A', N'0269415360', 93000000, 14500000, N'QL Truc Tiep', NULL, N'P513');
INSERT INTO NHANVIEN VALUES (N'NV3692', N'Trinh Anh Thuan', N'Nu ', TO_DATE(N'2003-10-01' , 'yyyy-mm-dd'), N'KUTWGQO5M', N'0556762159', 79000000, 7500000, N'Nhan vien', N'NV6635', N'P096');
INSERT INTO NHANVIEN VALUES (N'NV3767', N'Le Duc Trung', N'Nam', TO_DATE(N'2002-10-14' , 'yyyy-mm-dd'), N'CQRCLMISWZH9SK1D3ZL4O1OK7VJ', N'0640411360', 21000000, 10500000, N'Nhan vien', N'NV4025', N'P096');
INSERT INTO NHANVIEN VALUES (N'NV3772', N'Mai Quang Tai', N'Nam', TO_DATE(N'2004-09-09' , 'yyyy-mm-dd'), N'EV9V38ZX70DCYLQRUTD6KTHZ2AE', N'0186025550', 22000000, 9000000, N'Nhan vien', N'NV1169', N'P918');
INSERT INTO NHANVIEN VALUES (N'NV3820', N'Ly Hong Viet', N'Nu ', TO_DATE(N'2002-04-21' , 'yyyy-mm-dd'), N'1IKUS01O997X4HU0S87', N'0230957656', 17000000, 19500000, N'Nhan vien', N'NV4286', N'P629');
INSERT INTO NHANVIEN VALUES (N'NV3911', N'Truong Pham Tai', N'Nu ', TO_DATE(N'2003-05-06' , 'yyyy-mm-dd'), N'4D1', N'0759018317', 63000000, 12500000, N'Nhan vien', N'NV3163', N'P513');
INSERT INTO NHANVIEN VALUES (N'NV3958', N'Cao Trinh Duy', N'Nu ', TO_DATE(N'2003-03-20' , 'yyyy-mm-dd'), N'U3W7U6NDUMIL', N'0766940523', 69000000, 15500000, N'Nhan vien', N'NV0965', N'P629');
INSERT INTO NHANVIEN VALUES (N'NV4002', N'Tran Anh Tai', N'Nam', TO_DATE(N'2003-04-09' , 'yyyy-mm-dd'), N'KTMW1T24GH2T8GI6BNOYNCDWZKCKZ3', N'0542622115', 45000000, 20000000, N'Nhan vien', N'NV4286', N'P096');
INSERT INTO NHANVIEN VALUES (N'NV4017', N'Le Nguyen y', N'Nu ', TO_DATE(N'2004-06-03' , 'yyyy-mm-dd'), N'WOCQRI', N'0543483499', 65000000, 10500000, N'Nhan vien', N'NV4994', N'P957');
INSERT INTO NHANVIEN VALUES (N'NV4020', N'Truong Tran Duy', N'Nu ', TO_DATE(N'2004-07-19' , 'yyyy-mm-dd'), N'FQYAF9RPGP9SUS6VPD9HF5V2UQR', N'0793794640', 73000000, 20000000, N'Nhan vien', N'NV5833', N'P957');
INSERT INTO NHANVIEN VALUES (N'NV4025', N'Mai Duc Giang', N'Nu ', TO_DATE(N'2003-02-06' , 'yyyy-mm-dd'), N'V68XXEWX8UB677MXDOHGLCI1VF5', N'0845640519', 91000000, 13500000, N'QL Truc Tiep', NULL, N'P513');
INSERT INTO NHANVIEN VALUES (N'NV4125', N'Nguyen Hong Tai', N'Nam', TO_DATE(N'2002-07-20' , 'yyyy-mm-dd'), N'ZT08VJD', N'0801426261', 24000000, 7500000, N'Nhan vien', N'NV4994', N'P918');
INSERT INTO NHANVIEN VALUES (N'NV4240', N'Trinh Quy Anh', N'Nu ', TO_DATE(N'2002-11-02' , 'yyyy-mm-dd'), N'ZEUYU4FRJUR', N'0471361301', 42000000, 5500000, N'Nhan vien', N'NV6577', N'P918');
INSERT INTO NHANVIEN VALUES (N'NV4266', N'Mai Nguyen Viet', N'Nam', TO_DATE(N'2003-03-04' , 'yyyy-mm-dd'), N'LPG28GCL9JB12BPMWZDD4Q8VH', N'0779824193', 70000000, 16000000, N'Nhan vien', N'NV3163', N'P513');
INSERT INTO NHANVIEN VALUES (N'NV4276', N'Ly Hoang Trung', N'Nu ', TO_DATE(N'2003-02-27' , 'yyyy-mm-dd'), N'SGW1WYYN', NULL, 31000000, 13500000, N'Nhan vien', N'NV1169', N'P301');
INSERT INTO NHANVIEN VALUES (N'NV4286', N'Mai Quang Thu', N'Nu ', TO_DATE(N'2004-01-08' , 'yyyy-mm-dd'), N'P56X8D4CE6', N'0453540508', 100000000, 18000000, N'QL Truc Tiep', NULL, N'P096');
INSERT INTO NHANVIEN VALUES (N'NV4313', N'Luong Cao Nguyen', N'Nam', TO_DATE(N'2002-12-29' , 'yyyy-mm-dd'), N'MU9', N'0266703441', 90000000, 13000000, N'QL Truc Tiep', NULL, N'P957');
INSERT INTO NHANVIEN VALUES (N'NV4318', N'Cao Nh?t Nguyen', N'Nam', TO_DATE(N'2004-04-25' , 'yyyy-mm-dd'), N'ESS3J66HGA174P33ALKC', N'0315373856', 23000000, 11500000, N'Nhan vien', N'NV9606', N'P629');
INSERT INTO NHANVIEN VALUES (N'NV4325', N'Mai Cao Anh', N'Nam', TO_DATE(N'2002-02-08' , 'yyyy-mm-dd'), N'UVAYKELZE5OQQ9IYS9YFED505PM', N'0299128292', 71000000, 19000000, N'Nhan vien', N'NV1420', N'P918');
INSERT INTO NHANVIEN VALUES (N'NV4334', N'Nguyen Cao Thu', N'Nu ', TO_DATE(N'2003-03-31' , 'yyyy-mm-dd'), N'ERRJXC4', N'0664705317', 100000000, 13500000, N'Nhan vien', N'NV4994', N'P629');
INSERT INTO NHANVIEN VALUES (N'NV4374', N'Le Duc Thuan', N'Nam', TO_DATE(N'2002-01-28' , 'yyyy-mm-dd'), N'DG240BKKU7NY16Q6V7XABMYO0YEM7', N'0940758073', 37000000, 18500000, N'Nhan vien', N'NV5833', N'P957');
INSERT INTO NHANVIEN VALUES (N'NV4376', N'Truong Ngoc Giang', N'Nam', TO_DATE(N'2004-06-06' , 'yyyy-mm-dd'), N'ARO35NABVVEE0AN8CEZ', N'0248342644', 74000000, 18000000, N'Nhan vien', N'NV5833', N'P513');
INSERT INTO NHANVIEN VALUES (N'NV4396', N'Cao Anh Viet', N'Nam', TO_DATE(N'2002-12-09' , 'yyyy-mm-dd'), N'555IXQ92ZKAFBF', N'0363134049', 42000000, 14500000, N'Nhan vien', N'NV1169', N'P957');
INSERT INTO NHANVIEN VALUES (N'NV4402', N'Mai Duc Thuan', N'Nam', TO_DATE(N'2002-03-17' , 'yyyy-mm-dd'), N'DKKHB', N'0935342761', 45000000, 16000000, N'Nhan vien', N'NV4313', N'P096');
INSERT INTO NHANVIEN VALUES (N'NV4416', N'Nguyen Khanh Duy', N'Nu ', TO_DATE(N'2002-01-13' , 'yyyy-mm-dd'), N'1SW3IM8D507GTWGJCXQ9H', N'0380741383', 22000000, 6500000, N'Nhan vien', N'NV7018', N'P301');
INSERT INTO NHANVIEN VALUES (N'NV4463', N'Trinh Khanh Thuan', N'Nam', TO_DATE(N'2002-08-04' , 'yyyy-mm-dd'), N'MC9CCEX74O', N'0458695975', 36000000, 15500000, N'Nhan vien', N'NV6577', N'P215');
INSERT INTO NHANVIEN VALUES (N'NV4500', N'Le Trinh Thuan', N'Nam', TO_DATE(N'2003-01-11' , 'yyyy-mm-dd'), N'K0XTL', N'0926548139', 55000000, 9000000, N'Nhan vien', N'NV2501', N'P513');
INSERT INTO NHANVIEN VALUES (N'NV4558', N'Mai Huong Tai', N'Nam', TO_DATE(N'2003-05-02' , 'yyyy-mm-dd'), N'IVAZB4JIYJZW3WH64IKL41H78QN', N'0212799749', 72000000, 14000000, N'Nhan vien', N'NV9606', N'P096');
INSERT INTO NHANVIEN VALUES (N'NV4568', N'Tran Huong Giang', N'Nu ', TO_DATE(N'2003-12-08' , 'yyyy-mm-dd'), N'HBF5JUL2IOE931WNK', N'0869337225', 22000000, 11000000, N'Nhan vien', N'NV5833', N'P513');
INSERT INTO NHANVIEN VALUES (N'NV4625', N'Trinh Duc Phuc', N'Nam', TO_DATE(N'2004-03-08' , 'yyyy-mm-dd'), N'30O0WLVR9CSWG9HF0Y0N74WUX8GQ', N'0664374348', 84000000, 20000000, N'Nhan vien', N'NV5851', N'P410');
INSERT INTO NHANVIEN VALUES (N'NV4723', N'Truong Anh Giang', N'Nu ', TO_DATE(N'2002-09-02' , 'yyyy-mm-dd'), N'BV5J1RT3IS1K1', N'0360725783', 54000000, 5000000, N'Nhan vien', N'NV4313', N'P918');
INSERT INTO NHANVIEN VALUES (N'NV4727', N'Cao Ngoc Phuc', N'Nam', TO_DATE(N'2002-12-04' , 'yyyy-mm-dd'), N'KHVUUYCFG4QMO7218UM5ZSMD', N'0526295479', 85000000, 8000000, N'Nhan vien', N'NV7302', N'P957');
INSERT INTO NHANVIEN VALUES (N'NV4802', N'Ho Trinh Nguyen', N'Nam', TO_DATE(N'2004-09-28' , 'yyyy-mm-dd'), N'2L6CTGN5RM', N'0377910182', 20000000, 10000000, N'Nhan vien', N'NV2501', N'P918');
INSERT INTO NHANVIEN VALUES (N'NV4821', N'Tran Nguyen Truong', N'Nam', TO_DATE(N'2003-12-29' , 'yyyy-mm-dd'), N'HJ1HO305U7UCK9M1QIAHN8', N'0155995171', 20000000, 5500000, N'Nhan vien', N'NV4025', N'P096');
INSERT INTO NHANVIEN VALUES (N'NV4831', N'Nguyen Anh Nguyen', N'Nam', TO_DATE(N'2003-07-10' , 'yyyy-mm-dd'), N'XI3GDR0OKF0UO3MH6', N'0421151040', 66000000, 12500000, N'Nhan vien', N'NV2501', N'P629');
INSERT INTO NHANVIEN VALUES (N'NV4836', N'Ly Anh Nguyen', N'Nam', TO_DATE(N'2004-11-26' , 'yyyy-mm-dd'), N'0S24AHMV3SOP9O36V6YT', N'0297148502', 57000000, 10000000, N'Nhan vien', N'NV3678', N'P215');
INSERT INTO NHANVIEN VALUES (N'NV4848', N'Truong Anh Khoi', N'Nu ', TO_DATE(N'2003-02-17' , 'yyyy-mm-dd'), N'Z8ZA86X', N'0318945849', 17000000, 17500000, N'Nhan vien', N'NV1420', N'P513');
INSERT INTO NHANVIEN VALUES (N'NV4864', N'Truong Nh?t Anh', N'Nu ', TO_DATE(N'2003-10-24' , 'yyyy-mm-dd'), N'YUWRD2B7V3W', N'0202677411', 53000000, 20000000, N'Nhan vien', N'NV3678', N'P918');
INSERT INTO NHANVIEN VALUES (N'NV4867', N'Nguyen Minh Trung', N'Nu ', TO_DATE(N'2004-12-03' , 'yyyy-mm-dd'), N'S', N'0349279728', 29000000, 14500000, N'Nhan vien', N'NV3111', N'P957');
INSERT INTO NHANVIEN VALUES (N'NV4877', N'Luong Cao Giang', N'Nam', TO_DATE(N'2004-12-17' , 'yyyy-mm-dd'), N'PEP5SNF02K1O3AU3F247G', N'0819619102', 77000000, 19500000, N'Nhan vien', N'NV0965', N'P957');
INSERT INTO NHANVIEN VALUES (N'NV4897', N'Tran Quang Thu', N'Nam', TO_DATE(N'2002-06-24' , 'yyyy-mm-dd'), N'FO1606ICN4OAM45HPTQ', N'0294856888', 60000000, 8000000, N'Nhan vien', N'NV6090', N'P957');
INSERT INTO NHANVIEN VALUES (N'NV4963', N'Le Huong Giang', N'Nu ', TO_DATE(N'2002-06-03' , 'yyyy-mm-dd'), N'KIN1FINDE4I6M6DHYVFRF70L6ZDQA', N'0305734848', 89000000, 12500000, N'Nhan vien', N'NV4286', N'P629');
INSERT INTO NHANVIEN VALUES (N'NV4994', N'Cao Duc Tai', N'Nam', TO_DATE(N'2003-09-10' , 'yyyy-mm-dd'), N'HIO61', N'0881321506', 97000000, 16500000, N'QL Truc Tiep', NULL, N'P215');
INSERT INTO NHANVIEN VALUES (N'NV5026', N'Pham Pham Viet', N'Nam', TO_DATE(N'2003-08-26' , 'yyyy-mm-dd'), N'2', N'0127139035', 61000000, 8500000, N'Nhan vien', N'NV9606', N'P957');
INSERT INTO NHANVIEN VALUES (N'NV5053', N'Trinh Hoang Duy', N'Nu ', TO_DATE(N'2004-01-25' , 'yyyy-mm-dd'), N'SAQNXHIA8R5JUJE', N'0574054178', 36000000, 11500000, N'Nhan vien', N'NV6090', N'P301');
INSERT INTO NHANVIEN VALUES (N'NV5055', N'Ly Minh Truong', N'Nam', TO_DATE(N'2003-03-06' , 'yyyy-mm-dd'), N'RSHFHRR', N'0593020968', 34000000, 10500000, N'Nhan vien', N'NV5851', N'P513');
INSERT INTO NHANVIEN VALUES (N'NV5074', N'Truong Hong y', N'Nu ', TO_DATE(N'2004-03-01' , 'yyyy-mm-dd'), N'6HN5AY1HV4', N'0257450494', 42000000, 18500000, N'Nhan vien', N'NV3111', N'P957');
INSERT INTO NHANVIEN VALUES (N'NV5076', N'Le Pham Truong', N'Nu ', TO_DATE(N'2004-10-20' , 'yyyy-mm-dd'), N'XL5QYEBB2CRIOY9042M7K4XH99', N'0907490006', 62000000, 10500000, N'Nhan vien', N'NV4025', N'P513');
INSERT INTO NHANVIEN VALUES (N'NV5155', N'Tran Minh Khoi', N'Nu ', TO_DATE(N'2003-12-15' , 'yyyy-mm-dd'), N'Y106Z9O6XYJJZZUZS06NYF', N'0361170359', 56000000, 9500000, N'Nhan vien', N'NV6090', N'P918');
INSERT INTO NHANVIEN VALUES (N'NV5165', N'Trinh Khanh Truong', N'Nu ', TO_DATE(N'2003-06-06' , 'yyyy-mm-dd'), N'3G8KRG0J738CQA89', N'0353251255', 33000000, NULL, N'Nhan vien', N'NV6635', N'P629');
INSERT INTO NHANVIEN VALUES (N'NV5208', N'Mai Khanh Phuc', N'Nu ', TO_DATE(N'2003-01-04' , 'yyyy-mm-dd'), N'W571F2', N'0758749284', 60000000, 9500000, N'Nhan vien', N'NV9606', N'P918');
INSERT INTO NHANVIEN VALUES (N'NV5215', N'Trinh Cao Thu', N'Nam', TO_DATE(N'2004-07-17' , 'yyyy-mm-dd'), N'X5FT95KKN7FUY7PJNS', N'0367667721', 43000000, 15000000, N'Nhan vien', N'NV7302', N'P513');
INSERT INTO NHANVIEN VALUES (N'NV5271', N'Ho Cao Nguyen', N'Nu ', TO_DATE(N'2004-03-29' , 'yyyy-mm-dd'), N'G4QT3I3BW0BTREVMQAV', N'0446935709', 12000000, 17000000, N'Nhan vien', N'NV1420', N'P096');
INSERT INTO NHANVIEN VALUES (N'NV5289', N'Nguyen Quang Tai', N'Nam', TO_DATE(N'2004-01-01' , 'yyyy-mm-dd'), N'BUG6W38NX1Q6BAHY270JCWMM', N'0449343042', 81000000, 20000000, N'Nhan vien', N'NV1420', N'P301');
INSERT INTO NHANVIEN VALUES (N'NV5292', N'Ho Cao Nguyen', N'Nu ', TO_DATE(N'2002-09-10' , 'yyyy-mm-dd'), N'26FJCO8853CQX2', N'0798968364', 50000000, 6500000, N'Nhan vien', N'NV5833', N'P957');
INSERT INTO NHANVIEN VALUES (N'NV5303', N'Pham Quy Trung', N'Nam', TO_DATE(N'2002-05-24' , 'yyyy-mm-dd'), N'Y0F9QRIB', N'0399552711', 58000000, 7000000, N'Nhan vien', N'NV2501', N'P096');
INSERT INTO NHANVIEN VALUES (N'NV5315', N'Mai Pham Thu', N'Nu ', TO_DATE(N'2002-09-09' , 'yyyy-mm-dd'), N'QGNXR19AL6N3ZK2', N'0933988634', 19000000, 7500000, N'Nhan vien', N'NV3163', N'P301');
INSERT INTO NHANVIEN VALUES (N'NV5355', N'Pham Nguyen Tai', N'Nu ', TO_DATE(N'2003-02-05' , 'yyyy-mm-dd'), N'M0C9IUM0HXO8BSQH75QEVU5T2ROIT', N'0707351035', 48000000, 19000000, N'Nhan vien', N'NV6577', N'P957');
INSERT INTO NHANVIEN VALUES (N'NV5367', N'Ly Tran Sam', N'Nam', TO_DATE(N'2002-09-11' , 'yyyy-mm-dd'), N'9425PR', N'0802511562', 93000000, 12000000, N'Nhan vien', N'NV3163', N'P629');
INSERT INTO NHANVIEN VALUES (N'NV5370', N'Pham Duc Truong', N'Nu ', TO_DATE(N'2002-09-24' , 'yyyy-mm-dd'), N'TIX7PNU6XB5F77', N'0909627067', 35000000, 11000000, N'Nhan vien', N'NV3111', N'P301');
INSERT INTO NHANVIEN VALUES (N'NV5371', N'Pham Ngoc Duy', N'Nam', TO_DATE(N'2004-07-04' , 'yyyy-mm-dd'), N'WKAADCKD2NTACE6', N'0865369497', 20000000, 8000000, N'Nhan vien', N'NV4025', N'P957');
INSERT INTO NHANVIEN VALUES (N'NV5385', N'Le Nh?t Trung', N'Nam', TO_DATE(N'2004-04-14' , 'yyyy-mm-dd'), N'IUTLE1CZWO4', N'0718508909', 40000000, 13500000, N'Nhan vien', N'NV6577', N'P301');
INSERT INTO NHANVIEN VALUES (N'NV5419', N'Ly Trinh Khoi', N'Nu ', TO_DATE(N'2002-08-07' , 'yyyy-mm-dd'), N'8JSVJTSIH3EBPPDC1KV49W', N'0270127671', 99000000, 15000000, N'Nhan vien', N'NV5851', N'P215');
INSERT INTO NHANVIEN VALUES (N'NV5429', N'Le Khanh y', N'Nam', TO_DATE(N'2003-01-31' , 'yyyy-mm-dd'), N'L2D31405D73VB71BDJZ', N'0296674215', 87000000, NULL, N'Nhan vien', N'NV6090', N'P629');
INSERT INTO NHANVIEN VALUES (N'NV5439', N'Nguyen Trinh Duy', N'Nam', TO_DATE(N'2002-03-30' , 'yyyy-mm-dd'), N'33786PYTY6KOM7A', N'0559035339', 95000000, 11000000, N'Nhan vien', N'NV6577', N'P918');
INSERT INTO NHANVIEN VALUES (N'NV5442', N'Cao Anh Anh', N'Nam', TO_DATE(N'2003-08-06' , 'yyyy-mm-dd'), N'25LTXQNA', N'0830155367', 30000000, 13000000, N'Nhan vien', N'NV4025', N'P513');
INSERT INTO NHANVIEN VALUES (N'NV5460', N'Nguyen Trinh y', N'Nu ', TO_DATE(N'2004-03-07' , 'yyyy-mm-dd'), N'L1RHJDGJPPENYX3ESAJAVAFTQA11V5', N'0189799541', 60000000, 14500000, N'Nhan vien', N'NV4286', N'P629');
INSERT INTO NHANVIEN VALUES (N'NV5466', N'Ly Hong y', N'Nam', TO_DATE(N'2004-11-06' , 'yyyy-mm-dd'), N'BMTULOORW', N'0125212779', 83000000, 7000000, N'Nhan vien', N'NV0965', N'P918');
INSERT INTO NHANVIEN VALUES (N'NV5525', N'Ho Nguyen Nguyen', N'Nu ', TO_DATE(N'2004-01-30' , 'yyyy-mm-dd'), N'', N'0450602756', 47000000, 18500000, N'Nhan vien', N'NV4313', N'P918');
INSERT INTO NHANVIEN VALUES (N'NV5555', N'Trinh Huong Nguyen', N'Nam', TO_DATE(N'2002-12-15' , 'yyyy-mm-dd'), N'DS87OSKAJ791FP1', N'0252669444', 52000000, 5500000, N'Nhan vien', N'NV9606', N'P410');
INSERT INTO NHANVIEN VALUES (N'NV5561', N'Trinh Trinh y', N'Nam', TO_DATE(N'2004-09-23' , 'yyyy-mm-dd'), N'W3JHOCS', N'0831332796', 43000000, 19000000, N'Nhan vien', N'NV2501', N'P918');
INSERT INTO NHANVIEN VALUES (N'NV5581', N'Ho Trinh Viet', N'Nam', TO_DATE(N'2002-09-14' , 'yyyy-mm-dd'), N'ZGJSR', N'0758868211', 85000000, 10500000, N'Nhan vien', N'NV2501', N'P513');
INSERT INTO NHANVIEN VALUES (N'NV5702', N'Ho Cao Thu', N'Nam', TO_DATE(N'2002-05-23' , 'yyyy-mm-dd'), NULL, N'0509684691', 93000000, 10000000, N'Nhan vien', N'NV1169', N'P957');
INSERT INTO NHANVIEN VALUES (N'NV5792', N'Luong Ngoc Thu', N'Nam', TO_DATE(N'2003-07-31' , 'yyyy-mm-dd'), N'', N'0986768722', 73000000, 16000000, N'Nhan vien', N'NV2501', N'P629');
INSERT INTO NHANVIEN VALUES (N'NV5802', N'Trinh Khanh y', N'Nu ', TO_DATE(N'2002-10-22' , 'yyyy-mm-dd'), N'T', N'0992183141', 64000000, 10000000, N'Nhan vien', N'NV5851', N'P513');
INSERT INTO NHANVIEN VALUES (N'NV5815', N'Truong Anh Thu', N'Nu ', TO_DATE(N'2002-06-23' , 'yyyy-mm-dd'), N'5CN1BAJ1ZCIDE1Q5GPRNHZP8O', N'0408264957', 11000000, 5500000, N'Nhan vien', N'NV4025', N'P513');
INSERT INTO NHANVIEN VALUES (N'NV5833', N'Luong Pham Trung', N'Nu ', TO_DATE(N'2003-05-19' , 'yyyy-mm-dd'), N'', N'0612959583', 94000000, 15000000, N'QL Truc Tiep', NULL, N'P629');
INSERT INTO NHANVIEN VALUES (N'NV5851', N'Nguyen Trinh Giang', N'Nam', TO_DATE(N'2004-10-13' , 'yyyy-mm-dd'), N'946QS', N'0658251066', 10000000, 18500000, N'QL Truc Tiep', NULL, N'P918');
INSERT INTO NHANVIEN VALUES (N'NV5858', N'Ly Nguyen Thu', N'Nam', TO_DATE(N'2003-09-22' , 'yyyy-mm-dd'), N'61S', N'0839394225', 29000000, 8000000, N'Nhan vien', N'NV5833', N'P629');
INSERT INTO NHANVIEN VALUES (N'NV5890', N'Ho Hoang Tai', N'Nu ', TO_DATE(N'2004-03-28' , 'yyyy-mm-dd'), N'X4LBZ', N'0914669262', 32000000, 9500000, N'Nhan vien', N'NV3111', N'P215');
INSERT INTO NHANVIEN VALUES (N'NV5968', N'Nguyen Tran Khoi', N'Nu ', TO_DATE(N'2002-11-07' , 'yyyy-mm-dd'), N'34Q0FFW50WRGIIDA8ZEUQMJ4MS', N'0951504726', 38000000, 14000000, N'Nhan vien', N'NV3678', N'P301');
INSERT INTO NHANVIEN VALUES (N'NV5976', N'Ho Nguyen Viet', N'Nu ', TO_DATE(N'2002-11-15' , 'yyyy-mm-dd'), N'8ZIK7', N'0342589357', 81000000, 8500000, N'Nhan vien', N'NV6577', N'P215');
INSERT INTO NHANVIEN VALUES (N'NV6001', N'Mai Hoang Anh', N'Nu ', TO_DATE(N'2002-05-14' , 'yyyy-mm-dd'), N'XF09', N'0454390110', 84000000, 7500000, N'Nhan vien', N'NV3163', N'P957');
INSERT INTO NHANVIEN VALUES (N'NV6032', N'Mai Trinh Truong', N'Nam', TO_DATE(N'2002-06-16' , 'yyyy-mm-dd'), N'I5CKAT2JPNXQGJXO', N'0199957151', 48000000, 5500000, N'Nhan vien', N'NV3163', N'P215');
INSERT INTO NHANVIEN VALUES (N'NV6034', N'Ly Nh?t Phuc', N'Nu ', TO_DATE(N'2004-01-07' , 'yyyy-mm-dd'), N'JPZEW4EOB3FRA9LBOUAHZ', N'0780998390', 59000000, 10500000, N'Nhan vien', N'NV0965', N'P629');
INSERT INTO NHANVIEN VALUES (N'NV6052', N'Cao Ngoc Thu', N'Nam', TO_DATE(N'2002-12-10' , 'yyyy-mm-dd'), N'A6VLD2YNNHBBL', N'0267519293', 76000000, 16000000, N'Nhan vien', N'NV0965', N'P096');
INSERT INTO NHANVIEN VALUES (N'NV6062', N'Tran Anh Thu', N'Nam', TO_DATE(N'2004-06-15' , 'yyyy-mm-dd'), N'5', N'0479131556', 72000000, 15500000, N'Nhan vien', N'NV7018', N'P513');
INSERT INTO NHANVIEN VALUES (N'NV6090', N'Cao Khanh Truong', N'Nu ', TO_DATE(N'2004-08-05' , 'yyyy-mm-dd'), N'U9MK78HRX6933QTB9BH8WIAUXX27OG', N'0153487749', 16000000, 6000000, N'QL Truc Tiep', NULL, N'P918');
INSERT INTO NHANVIEN VALUES (N'NV6118', N'Cao Minh Viet', N'Nu ', TO_DATE(N'2002-03-14' , 'yyyy-mm-dd'), N'OEU', N'0267655720', 76000000, 17500000, N'Nhan vien', N'NV9606', N'P957');
INSERT INTO NHANVIEN VALUES (N'NV6204', N'Luong Nh?t Sam', N'Nam', TO_DATE(N'2004-03-11' , 'yyyy-mm-dd'), N'2N8HBB28ZNNFOTGXC880OKF', N'0387674934', 18000000, 18000000, N'Nhan vien', N'NV4286', N'P957');
INSERT INTO NHANVIEN VALUES (N'NV6269', N'Trinh Khanh Trung', N'Nam', TO_DATE(N'2004-09-24' , 'yyyy-mm-dd'), N'C50476KT8LRGYXN4P26CI26Y417', N'0381451102', 53000000, 8000000, N'Nhan vien', N'NV0965', N'P629');
INSERT INTO NHANVIEN VALUES (N'NV6275', N'Truong Cao Truong', N'Nu ', TO_DATE(N'2004-04-09' , 'yyyy-mm-dd'), N'N1KG843', N'0648139911', 14000000, 18000000, N'Nhan vien', N'NV6635', N'P513');
INSERT INTO NHANVIEN VALUES (N'NV6284', N'Trinh Nh?t Khoi', N'Nu ', TO_DATE(N'2003-05-02' , 'yyyy-mm-dd'), N'9343B', N'0369499347', 75000000, 17000000, N'Nhan vien', N'NV3678', N'P215');
INSERT INTO NHANVIEN VALUES (N'NV6289', N'Nguyen Khanh Giang', N'Nam', TO_DATE(N'2004-11-27' , 'yyyy-mm-dd'), N'ZSQVXYTZ5FVZ9HBPT6ZV0Q3F843', N'0167594186', 80000000, 5500000, N'Nhan vien', N'NV4286', N'P301');
INSERT INTO NHANVIEN VALUES (N'NV6303', N'Le Hong Thuan', N'Nu ', TO_DATE(N'2003-11-30' , 'yyyy-mm-dd'), N'0VE8TDLPVC59H5AI11TB3LODS57', N'0933928941', 86000000, 7000000, N'Nhan vien', N'NV4025', N'P957');
INSERT INTO NHANVIEN VALUES (N'NV6315', N'Ly Quang Tai', N'Nam', TO_DATE(N'2004-09-27' , 'yyyy-mm-dd'), N'54SKU7', N'0595899652', 36000000, 18000000, N'Nhan vien', N'NV7302', N'P410');
INSERT INTO NHANVIEN VALUES (N'NV6331', N'Mai Duc Phuc', N'Nu ', TO_DATE(N'2003-01-20' , 'yyyy-mm-dd'), N'5TMCRBG82K0451TDU', N'0230076215', 42000000, 16000000, N'Nhan vien', N'NV3111', N'P629');
INSERT INTO NHANVIEN VALUES (N'NV6346', N'Cao Hoang Thu', N'Nam', TO_DATE(N'2002-07-23' , 'yyyy-mm-dd'), N'KEKMV80W9MJWV9Y3HV5457Y8J', N'0231589222', 43000000, 16500000, N'Nhan vien', N'NV5851', N'P410');
INSERT INTO NHANVIEN VALUES (N'NV6369', N'Nguyen Trinh Phuc', N'Nam', TO_DATE(N'2002-06-26' , 'yyyy-mm-dd'), N'3B9EFBH802K1HZOPQHVHRNC317', N'0897515986', 34000000, NULL, N'Nhan vien', N'NV2501', N'P513');
INSERT INTO NHANVIEN VALUES (N'NV6402', N'Ly Trinh Trung', N'Nu ', TO_DATE(N'2002-06-26' , 'yyyy-mm-dd'), N'QOO980380MMJR1BCHCZ062L', N'0197665396', 85000000, 5000000, N'Nhan vien', N'NV6090', N'P301');
INSERT INTO NHANVIEN VALUES (N'NV6427', N'Cao Tran Thu', N'Nam', TO_DATE(N'2002-07-10' , 'yyyy-mm-dd'), N'0DV3CNGOVWKDO', N'0435811257', 54000000, 6500000, N'Nhan vien', N'NV3111', N'P301');
INSERT INTO NHANVIEN VALUES (N'NV6448', N'Trinh Cao Khoi', N'Nu ', TO_DATE(N'2004-05-27' , 'yyyy-mm-dd'), N'JUA8YW7MNWJD9S2GGMV8', N'0423098440', 94000000, 10500000, N'Nhan vien', N'NV0965', N'P215');
INSERT INTO NHANVIEN VALUES (N'NV6452', N'Pham Nguyen Viet', N'Nu ', TO_DATE(N'2003-10-13' , 'yyyy-mm-dd'), N'4444Q6HLO', N'0637396777', 64000000, 11500000, N'Nhan vien', N'NV6577', N'P410');
INSERT INTO NHANVIEN VALUES (N'NV6463', N'Nguyen Tran Tai', N'Nam', TO_DATE(N'2004-12-01' , 'yyyy-mm-dd'), N'ITHLXSAXOP', N'0407947807', 85000000, 6500000, N'Nhan vien', N'NV6090', N'P513');
INSERT INTO NHANVIEN VALUES (N'NV6498', N'Pham Quang Giang', N'Nu ', TO_DATE(N'2004-11-01' , 'yyyy-mm-dd'), N'SGQFWUBJHGRPJCQ7R3', N'0651962117', 69000000, 12500000, N'Nhan vien', N'NV2501', N'P301');
INSERT INTO NHANVIEN VALUES (N'NV6507', N'Nguyen Khanh Tai', N'Nam', TO_DATE(N'2002-11-06' , 'yyyy-mm-dd'), N'BIL96L6BZQC1DMJZLG', N'0517763477', 15000000, 18500000, N'Nhan vien', N'NV5833', N'P918');
INSERT INTO NHANVIEN VALUES (N'NV6517', N'Nguyen Anh Anh', N'Nu ', TO_DATE(N'2003-03-07' , 'yyyy-mm-dd'), N'MA9VVE0E61FO574TY', N'0974071240', 88000000, 7500000, N'Nhan vien', N'NV5833', N'P629');
INSERT INTO NHANVIEN VALUES (N'NV6577', N'Ly Minh Anh', N'Nu ', TO_DATE(N'2004-03-27' , 'yyyy-mm-dd'), N'53DIXD', N'0364184650', 95000000, 15500000, N'QL Truc Tiep', NULL, N'P301');
INSERT INTO NHANVIEN VALUES (N'NV6587', N'Pham Pham Phuc', N'Nam', TO_DATE(N'2003-07-20' , 'yyyy-mm-dd'), N'D', N'0144795128', 82000000, 9000000, N'Nhan vien', N'NV0965', N'P513');
INSERT INTO NHANVIEN VALUES (N'NV6600', N'Nguyen Quang y', N'Nam', TO_DATE(N'2002-09-24' , 'yyyy-mm-dd'), N'VBV91NNYBIGPSP', N'0651692964', 46000000, 16500000, N'Nhan vien', N'NV0965', N'P629');
INSERT INTO NHANVIEN VALUES (N'NV6635', N'Trinh Anh Thu', N'Nu ', TO_DATE(N'2004-05-27' , 'yyyy-mm-dd'), N'DCRVN0UP0JA31TH2ZFRXM8SMQ48', N'0786524749', 99000000, 17500000, N'QL Truc Tiep', NULL, N'P410');
INSERT INTO NHANVIEN VALUES (N'NV6640', N'Pham Quang Giang', N'Nu ', TO_DATE(N'2004-06-29' , 'yyyy-mm-dd'), N'92QV8Z', N'0361708561', 64000000, 16000000, N'Nhan vien', N'NV1420', N'P096');
INSERT INTO NHANVIEN VALUES (N'NV6644', N'Truong Trinh Truong', N'Nu ', TO_DATE(N'2002-01-29' , 'yyyy-mm-dd'), N'YQ51XBZDUP1WR3U6KQONCOTL', N'0290629422', 49000000, 19500000, N'Nhan vien', N'NV2501', N'P957');
INSERT INTO NHANVIEN VALUES (N'NV6657', N'Luong Tran Thuan', N'Nam', TO_DATE(N'2002-05-19' , 'yyyy-mm-dd'), N'S738X5ZWQ1CKOTZHHEY', N'0167744124', 26000000, 6500000, N'Nhan vien', N'NV7302', N'P301');
INSERT INTO NHANVIEN VALUES (N'NV6693', N'Trinh Quy Nguyen', N'Nam', TO_DATE(N'2003-08-19' , 'yyyy-mm-dd'), N'D3RLHMBVK12IMBBJ', N'0992705511', 78000000, 17000000, N'Nhan vien', N'NV6577', N'P410');
INSERT INTO NHANVIEN VALUES (N'NV6710', N'Tran Nguyen Nguyen', N'Nu ', TO_DATE(N'2002-02-01' , 'yyyy-mm-dd'), N'LMMIADGKMOJMOSHX', N'0623930345', 40000000, 15000000, N'Nhan vien', N'NV6577', N'P513');
INSERT INTO NHANVIEN VALUES (N'NV6721', N'Cao Trinh Phuc', N'Nu ', TO_DATE(N'2003-09-21' , 'yyyy-mm-dd'), N'APV8J42', N'0736031236', 70000000, 14500000, N'Nhan vien', N'NV3678', N'P629');
INSERT INTO NHANVIEN VALUES (N'NV6784', N'Tran Trinh y', N'Nu ', TO_DATE(N'2004-05-17' , 'yyyy-mm-dd'), N'V64MM2DB6QDJS1YYJLUHIBRR4', N'0250354725', 16000000, 17000000, N'Nhan vien', N'NV1169', N'P410');
INSERT INTO NHANVIEN VALUES (N'NV6818', N'Pham Huong Duy', N'Nam', TO_DATE(N'2004-01-08' , 'yyyy-mm-dd'), N'OGLJTWFFRN20201LE91Y5CJ', N'0439614856', 71000000, 15000000, N'Nhan vien', N'NV9606', N'P215');
INSERT INTO NHANVIEN VALUES (N'NV6825', N'Luong Hong Tai', N'Nam', TO_DATE(N'2002-03-21' , 'yyyy-mm-dd'), N'A9O6P1OHEZEWLMUHUNCB017CUUQ55O', N'0992420951', 25000000, 10500000, N'Nhan vien', N'NV7302', N'P096');
INSERT INTO NHANVIEN VALUES (N'NV6903', N'Pham Quang Thuan', N'Nu ', TO_DATE(N'2003-08-04' , 'yyyy-mm-dd'), N'1P18DC24CB6H5S7EEJU6D92AX9X', N'0792652036', 16000000, 19000000, N'Nhan vien', N'NV4286', N'P410');
INSERT INTO NHANVIEN VALUES (N'NV6911', N'Cao Quy y', N'Nam', TO_DATE(N'2002-12-24' , 'yyyy-mm-dd'), N'P4EQANN93EK7E27D', N'0194313654', 27000000, 9000000, N'Nhan vien', N'NV1420', N'P918');
INSERT INTO NHANVIEN VALUES (N'NV6924', N'Ly Nguyen Sam', N'Nam', TO_DATE(N'2003-06-25' , 'yyyy-mm-dd'), N'IK2M2ME1J7MCB2DHJ5R73GS34RE', N'0176044746', 53000000, 11000000, N'Nhan vien', N'NV0965', N'P918');
INSERT INTO NHANVIEN VALUES (N'NV6938', N'Le Tran Tai', N'Nam', TO_DATE(N'2004-04-26' , 'yyyy-mm-dd'), N'XSIJOCXA4L2KO1SDKC1', N'0797348395', 81000000, 18500000, N'Nhan vien', N'NV6577', N'P629');
INSERT INTO NHANVIEN VALUES (N'NV6967', N'Ly Nguyen Khoi', N'Nu ', TO_DATE(N'2002-04-25' , 'yyyy-mm-dd'), N'', N'0103980041', 48000000, 17500000, N'Nhan vien', N'NV0965', N'P513');
INSERT INTO NHANVIEN VALUES (N'NV6994', N'Nguyen Khanh y', N'Nam', TO_DATE(N'2002-03-09' , 'yyyy-mm-dd'), N'LE0XLSOFCYH08BTE5', N'0583422388', 68000000, 12000000, N'Nhan vien', N'NV7302', N'P301');
INSERT INTO NHANVIEN VALUES (N'NV7018', N'Luong Ngoc y', N'Nam', TO_DATE(N'2004-12-01' , 'yyyy-mm-dd'), NULL, N'0504890504', 96000000, 16000000, N'QL Truc Tiep', NULL, N'P410');
INSERT INTO NHANVIEN VALUES (N'NV7031', N'Le Hong Sam', N'Nam', TO_DATE(N'2003-10-21' , 'yyyy-mm-dd'), N'IMGDZVX4WZ8XGYPKTSRUSLCCSX', N'0817285932', 79000000, 17500000, N'Nhan vien', N'NV9606', N'P215');
INSERT INTO NHANVIEN VALUES (N'NV7049', N'Pham Pham Phuc', N'Nu ', TO_DATE(N'2002-03-08' , 'yyyy-mm-dd'), N'ITN4YH', N'0294687288', 16000000, 8000000, N'Nhan vien', N'NV5833', N'P410');
INSERT INTO NHANVIEN VALUES (N'NV7082', N'Ly Minh Viet', N'Nu ', TO_DATE(N'2004-01-03' , 'yyyy-mm-dd'), N'8I37CQOFBCFTKA328KKESUGHX21X', N'0578112118', 80000000, 8000000, N'Nhan vien', N'NV4286', N'P410');
INSERT INTO NHANVIEN VALUES (N'NV7137', N'Ho Hong Sam', N'Nam', TO_DATE(N'2002-09-02' , 'yyyy-mm-dd'), N'AUBUHCQNCCEJ71', N'0459531099', 51000000, 7000000, N'Nhan vien', N'NV9606', N'P410');
INSERT INTO NHANVIEN VALUES (N'NV7138', N'Le Duc Tai', N'Nu ', TO_DATE(N'2002-11-10' , 'yyyy-mm-dd'), N'CXFFOKZYC4Y8WXRTAVFQ30S69TOQYP', N'0250734779', 96000000, 11500000, N'Nhan vien', N'NV0965', N'P410');
INSERT INTO NHANVIEN VALUES (N'NV7182', N'Ly Nh?t Trung', N'Nu ', TO_DATE(N'2003-01-22' , 'yyyy-mm-dd'), N'W7SVOKG1Q082BCUBJC', N'0512005279', 29000000, 12500000, N'Nhan vien', N'NV4313', N'P215');
INSERT INTO NHANVIEN VALUES (N'NV7221', N'Trinh Cao Giang', N'Nu ', TO_DATE(N'2002-08-21' , 'yyyy-mm-dd'), N'8JCE2JKSNNGPR3W0U2GXPN4', N'0197037748', 65000000, 12000000, N'Nhan vien', N'NV6577', N'P918');
INSERT INTO NHANVIEN VALUES (N'NV7228', N'Mai Duc Duy', N'Nam', TO_DATE(N'2003-10-17' , 'yyyy-mm-dd'), N'30B', N'0863137686', 28000000, 12000000, N'Nhan vien', N'NV7018', N'P215');
INSERT INTO NHANVIEN VALUES (N'NV7302', N'Ho Huong Truong', N'Nu ', TO_DATE(N'2004-07-14' , 'yyyy-mm-dd'), N'TG5ZS1ZPBKTIPSE0', N'0485934376', 17000000, 6500000, N'QL Truc Tiep', NULL, N'P410');
INSERT INTO NHANVIEN VALUES (N'NV7337', N'Luong Pham Phuc', N'Nam', TO_DATE(N'2004-12-27' , 'yyyy-mm-dd'), N'YA245', N'0968493075', 52000000, 7500000, N'Nhan vien', N'NV4994', N'P918');
INSERT INTO NHANVIEN VALUES (N'NV7341', N'Le Nh?t Khoi', N'Nu ', TO_DATE(N'2003-04-03' , 'yyyy-mm-dd'), N'WHGM68ENIET0516HQBY8BEXH8', N'0890304982', 21000000, 6000000, N'Nhan vien', N'NV6090', N'P957');
INSERT INTO NHANVIEN VALUES (N'NV7346', N'Ly Tran Khoi', N'Nu ', TO_DATE(N'2004-05-11' , 'yyyy-mm-dd'), N'MYH7R9A1I66IWGUHD2ZDYWBN1', N'0834240213', 31000000, 9000000, N'Nhan vien', N'NV3111', N'P096');
INSERT INTO NHANVIEN VALUES (N'NV7347', N'Ho Khanh Anh', N'Nu ', TO_DATE(N'2004-09-15' , 'yyyy-mm-dd'), N'XMAIRFJ79Y7AUNC9RGKDUHR3R', N'0416241827', 78000000, 18500000, N'Nhan vien', N'NV5833', N'P629');
INSERT INTO NHANVIEN VALUES (N'NV7372', N'Truong Ngoc Tai', N'Nam', TO_DATE(N'2003-07-27' , 'yyyy-mm-dd'), N'9J6IWVT9ZNN796VCGGSAGF3', N'0418575228', 78000000, 7000000, N'Nhan vien', N'NV1169', N'P918');
INSERT INTO NHANVIEN VALUES (N'NV7374', N'Ho Nh?t Sam', N'Nam', TO_DATE(N'2004-12-10' , 'yyyy-mm-dd'), N'CNS0GW6SFXIE8TC42Y3BB3JQUQ4', N'0611483632', 88000000, 9500000, N'Nhan vien', N'NV3163', N'P513');
INSERT INTO NHANVIEN VALUES (N'NV7525', N'Nguyen Hong Khoi', N'Nam', TO_DATE(N'2002-07-23' , 'yyyy-mm-dd'), N'WC73ONPYM', N'0931956021', 39000000, 19500000, N'Nhan vien', N'NV1420', N'P629');
INSERT INTO NHANVIEN VALUES (N'NV7540', N'Mai Tran y', N'Nu ', TO_DATE(N'2004-04-07' , 'yyyy-mm-dd'), N'669M15', N'0129205477', 27000000, 7000000, N'Nhan vien', N'NV3111', N'P410');
INSERT INTO NHANVIEN VALUES (N'NV7625', N'Nguyen Trinh Nguyen', N'Nam', TO_DATE(N'2003-10-13' , 'yyyy-mm-dd'), N'5VV90NHDGGT1DG1WNV4RFJW', N'0196284657', 10000000, 14000000, N'Nhan vien', N'NV9606', N'P215');
INSERT INTO NHANVIEN VALUES (N'NV7819', N'Trinh Hoang Sam', N'Nam', TO_DATE(N'2004-06-08' , 'yyyy-mm-dd'), N'2ETLV4B2U7', N'0593194763', 55000000, 7000000, N'Nhan vien', N'NV6577', N'P918');
INSERT INTO NHANVIEN VALUES (N'NV7820', N'Nguyen Hong Giang', N'Nam', TO_DATE(N'2004-12-15' , 'yyyy-mm-dd'), N'59WPMEHSJ5LI3NMSL0T', N'0443127117', 51000000, 19000000, N'Nhan vien', N'NV7302', N'P096');
INSERT INTO NHANVIEN VALUES (N'NV7849', N'Luong Cao Sam', N'Nu ', TO_DATE(N'2004-02-11' , 'yyyy-mm-dd'), N'K0J5O0UHJYDV7LREW7SSV5A9H1RR2Z', N'0740550004', 23000000, 7000000, N'Nhan vien', N'NV6577', N'P513');
INSERT INTO NHANVIEN VALUES (N'NV7869', N'Mai Khanh Khoi', N'Nu ', TO_DATE(N'2002-07-16' , 'yyyy-mm-dd'), N'WZJTK92LU66LW21', N'0352765316', 68000000, 15000000, N'Nhan vien', N'NV6635', N'P215');
INSERT INTO NHANVIEN VALUES (N'NV7879', N'Mai Hoang Giang', N'Nam', TO_DATE(N'2002-06-09' , 'yyyy-mm-dd'), N'404BYE89YZ0BYL8WWIA', N'0142348366', 30000000, 8500000, N'Nhan vien', N'NV3163', N'P096');
INSERT INTO NHANVIEN VALUES (N'NV7888', N'Truong Hong Nguyen', N'Nam', TO_DATE(N'2003-01-24' , 'yyyy-mm-dd'), N'JB58ST5ENF8DXZJBZ447OR', N'0889191032', 47000000, 17000000, N'Nhan vien', N'NV2501', N'P513');
INSERT INTO NHANVIEN VALUES (N'NV7936', N'Ho Quy Trung', N'Nam', TO_DATE(N'2002-11-17' , 'yyyy-mm-dd'), N'XX', N'0512379326', 84000000, 6000000, N'Nhan vien', N'NV3678', N'P513');
INSERT INTO NHANVIEN VALUES (N'NV7939', N'Luong Nguyen Trung', N'Nam', TO_DATE(N'2004-11-18' , 'yyyy-mm-dd'), N'BDDBS', N'0544385014', 82000000, 5000000, N'Nhan vien', N'NV2501', N'P215');
INSERT INTO NHANVIEN VALUES (N'NV7978', N'Luong Khanh Viet', N'Nu ', TO_DATE(N'2003-12-12' , 'yyyy-mm-dd'), N'EYOY2L6O6EC5HLOW', N'0720558919', 74000000, 5000000, N'Nhan vien', N'NV7018', N'P410');
INSERT INTO NHANVIEN VALUES (N'NV7992', N'Ho Quy Sam', N'Nam', TO_DATE(N'2003-12-28' , 'yyyy-mm-dd'), N'Z2YOTIIXHNZ2GBTIASY90S864XXJ5', N'0955080734', 52000000, 19500000, N'Nhan vien', N'NV3111', N'P215');
INSERT INTO NHANVIEN VALUES (N'NV8001', N'Tran Minh Anh', N'Nam', TO_DATE(N'2003-05-12' , 'yyyy-mm-dd'), N'DXQVV17DSMY7YSCNJ7Y', N'0490200672', 13000000, 15500000, N'Nhan vien', N'NV6635', N'P957');
INSERT INTO NHANVIEN VALUES (N'NV8004', N'Nguyen Trinh y', N'Nam', TO_DATE(N'2003-05-14' , 'yyyy-mm-dd'), N'4OSF9A4MVYJ7Y0FH12', N'0706424279', 72000000, 19500000, N'Nhan vien', N'NV3678', N'P301');
INSERT INTO NHANVIEN VALUES (N'NV8017', N'Ly Ngoc Truong', N'Nam', TO_DATE(N'2004-03-28' , 'yyyy-mm-dd'), N'IV25BVI7LJZAP1AJEAB', N'0420059647', 19000000, 18500000, N'Nhan vien', N'NV3678', N'P215');
INSERT INTO NHANVIEN VALUES (N'NV8020', N'Tran Huong Anh', N'Nam', TO_DATE(N'2004-02-22' , 'yyyy-mm-dd'), N'5MCQE09M1TONFWPCC39GZC', N'0420433966', 52000000, 10500000, N'Nhan vien', N'NV6090', N'P410');
INSERT INTO NHANVIEN VALUES (N'NV8045', N'Pham Trinh y', N'Nam', TO_DATE(N'2002-03-15' , 'yyyy-mm-dd'), N'YDX', N'0251377086', 87000000, 11500000, N'Nhan vien', N'NV5851', N'P096');
INSERT INTO NHANVIEN VALUES (N'NV8068', N'Nguyen Nguyen Thu', N'Nam', TO_DATE(N'2004-10-15' , 'yyyy-mm-dd'), N'IX', N'0743824836', 50000000, 9500000, N'Nhan vien', N'NV1169', N'P410');
INSERT INTO NHANVIEN VALUES (N'NV8070', N'Truong Huong Trung', N'Nu ', TO_DATE(N'2004-12-18' , 'yyyy-mm-dd'), N'LQEAG3', N'0738630116', 25000000, 6000000, N'Nhan vien', N'NV6577', N'P096');
INSERT INTO NHANVIEN VALUES (N'NV8163', N'Ly Quang Tai', N'Nam', TO_DATE(N'2002-01-26' , 'yyyy-mm-dd'), N'Q0ZCR2QW4SI2EZCEO4DK0S', N'0869479860', 21000000, 8500000, N'Nhan vien', N'NV7302', N'P957');
INSERT INTO NHANVIEN VALUES (N'NV8184', N'Ly Hong Phuc', N'Nam', TO_DATE(N'2004-09-23' , 'yyyy-mm-dd'), N'BH1AP8MIPA030UGYFO0CO', N'0879526018', 77000000, 6500000, N'Nhan vien', N'NV9606', N'P301');
INSERT INTO NHANVIEN VALUES (N'NV8208', N'Mai Cao Thuan', N'Nu ', TO_DATE(N'2004-06-05' , 'yyyy-mm-dd'), N'VNAQRFYA2FY6DNP8OA2XIXGIE9', N'0828651641', 31000000, 15500000, N'Nhan vien', N'NV3111', N'P301');
INSERT INTO NHANVIEN VALUES (N'NV8240', N'Ly Nguyen Giang', N'Nam', TO_DATE(N'2003-05-07' , 'yyyy-mm-dd'), N'QZB31NITV37HC9PN2X8SWXQZ81O', N'0193279045', 65000000, 16500000, N'Nhan vien', N'NV6090', N'P096');
INSERT INTO NHANVIEN VALUES (N'NV8261', N'Luong Huong Viet', N'Nam', TO_DATE(N'2004-07-28' , 'yyyy-mm-dd'), N'SDGY5D8L22FFDCB2710Y1GBD', N'0719759302', 37000000, 13500000, N'Nhan vien', N'NV1169', N'P513');
INSERT INTO NHANVIEN VALUES (N'NV8272', N'Pham Trinh Trung', N'Nam', TO_DATE(N'2003-11-03' , 'yyyy-mm-dd'), N'9B', N'0189305308', 26000000, 11000000, N'Nhan vien', N'NV3163', N'P410');
INSERT INTO NHANVIEN VALUES (N'NV8281', N'Tran Nh?t Trung', N'Nu ', TO_DATE(N'2003-11-17' , 'yyyy-mm-dd'), N'XPLE8A9TRXC9XIAOYH1U2', N'0474368835', 21000000, 19500000, N'Nhan vien', N'NV6577', N'P918');
INSERT INTO NHANVIEN VALUES (N'NV8348', N'Truong Khanh Anh', N'Nu ', TO_DATE(N'2004-07-16' , 'yyyy-mm-dd'), N'US9PZR7HKOIKRBQF06REKUQT', N'0655276333', 50000000, 18500000, N'Nhan vien', N'NV5851', N'P629');
INSERT INTO NHANVIEN VALUES (N'NV8370', N'Cao Quy Viet', N'Nu ', TO_DATE(N'2004-09-08' , 'yyyy-mm-dd'), N'QLQ6JWKP46', N'0611640091', 33000000, 10000000, N'Nhan vien', N'NV3163', N'P410');
INSERT INTO NHANVIEN VALUES (N'NV8388', N'Cao Nguyen Nguyen', N'Nam', TO_DATE(N'2003-04-16' , 'yyyy-mm-dd'), N'ON4LU', N'0608632686', 89000000, 10000000, N'Nhan vien', N'NV4286', N'P410');
INSERT INTO NHANVIEN VALUES (N'NV8406', N'Nguyen Ngoc Trung', N'Nu ', TO_DATE(N'2002-02-07' , 'yyyy-mm-dd'), N'Y', N'0955850959', 18000000, 9000000, N'Nhan vien', N'NV5833', N'P957');
INSERT INTO NHANVIEN VALUES (N'NV8417', N'Truong Khanh Viet', N'Nam', TO_DATE(N'2004-09-05' , 'yyyy-mm-dd'), N'KOP9QS9IJ4YTYE9K2BGBXZJBY', N'0600645747', 61000000, 11500000, N'Nhan vien', N'NV1169', N'P918');
INSERT INTO NHANVIEN VALUES (N'NV8419', N'Ly Cao Anh', N'Nu ', TO_DATE(N'2004-12-11' , 'yyyy-mm-dd'), N'W6ZXS90ZWLUT', N'0501076305', 19000000, 9500000, N'Nhan vien', N'NV0965', N'P301');
INSERT INTO NHANVIEN VALUES (N'NV8442', N'Cao Nguyen Thuan', N'Nu ', TO_DATE(N'2004-06-03' , 'yyyy-mm-dd'), N'GEZI5W3LK0T', N'0693122097', 69000000, 18000000, N'Nhan vien', N'NV7018', N'P513');
INSERT INTO NHANVIEN VALUES (N'NV8507', N'Trinh Hoang Truong', N'Nu ', TO_DATE(N'2004-02-24' , 'yyyy-mm-dd'), N'FKSGGPEHHTLYI7F8M7YGUMOVPGGD', N'0965558489', 63000000, 15500000, N'Nhan vien', N'NV4025', N'P957');
INSERT INTO NHANVIEN VALUES (N'NV8522', N'Pham Cao Thuan', N'Nu ', TO_DATE(N'2002-11-16' , 'yyyy-mm-dd'), N'70L9YWKGH6NO', N'0492866630', 23000000, 9500000, N'Nhan vien', N'NV3111', N'P301');
INSERT INTO NHANVIEN VALUES (N'NV8540', N'Truong Nguyen Anh', N'Nu ', TO_DATE(N'2002-10-01' , 'yyyy-mm-dd'), N'3PVI3V1K8KFWU88C', N'0666446217', 44000000, 6500000, N'Nhan vien', N'NV2501', N'P215');
INSERT INTO NHANVIEN VALUES (N'NV8562', N'Truong Cao Thuan', N'Nu ', TO_DATE(N'2004-02-26' , 'yyyy-mm-dd'), N'YOT78JDAG8', N'0167156715', 12000000, 15000000, N'Nhan vien', N'NV6090', N'P096');
INSERT INTO NHANVIEN VALUES (N'NV8587', N'Tran Cao Khoi', N'Nam', TO_DATE(N'2003-01-29' , 'yyyy-mm-dd'), N'G83YOUSY1J', N'0834423958', 26000000, 8500000, N'Nhan vien', N'NV4313', N'P918');
INSERT INTO NHANVIEN VALUES (N'NV8623', N'Ho Nh?t Truong', N'Nam', TO_DATE(N'2002-04-12' , 'yyyy-mm-dd'), N'33W1J7EIAN5ES9IL2J6V', N'0485724553', 83000000, 19500000, N'Nhan vien', N'NV5833', N'P918');
INSERT INTO NHANVIEN VALUES (N'NV8627', N'Le Quy Thuan', N'Nam', TO_DATE(N'2004-10-29' , 'yyyy-mm-dd'), N'5PES5P4SKOA', N'0407183508', 75000000, 5500000, N'Truong phong', NULL, N'P301');
INSERT INTO NHANVIEN VALUES (N'NV8640', N'Luong Ngoc Viet', N'Nam', TO_DATE(N'2002-07-18' , 'yyyy-mm-dd'), N'6S1J7VSBZPYJH9', N'0964871832', 91000000, 9000000, N'Nhan vien', N'NV5851', N'P957');
INSERT INTO NHANVIEN VALUES (N'NV8650', N'Tran Khanh Nguyen', N'Nu ', TO_DATE(N'2003-06-04' , 'yyyy-mm-dd'), N'QC5ZXRGE8G', N'0329244547', 71000000, 16500000, N'Nhan vien', N'NV3163', N'P918');
INSERT INTO NHANVIEN VALUES (N'NV8661', N'Ho Nguyen Duy', N'Nam', TO_DATE(N'2003-05-02' , 'yyyy-mm-dd'), N'T2I', N'0829786146', 15000000, 16500000, N'Nhan vien', N'NV2501', N'P215');
INSERT INTO NHANVIEN VALUES (N'NV8666', N'Mai Pham Sam', N'Nu ', TO_DATE(N'2004-11-17' , 'yyyy-mm-dd'), N'4ITR61NHSDDVWQP52PG', NULL, 59000000, 14000000, N'Nhan vien', N'NV5833', N'P096');
INSERT INTO NHANVIEN VALUES (N'NV8687', N'Ho Hong Anh', N'Nam', TO_DATE(N'2004-03-27' , 'yyyy-mm-dd'), N'824MNLEGHI3D7UGKM3X42', N'0124644786', 80000000, 18000000, N'Nhan vien', N'NV6635', N'P096');
INSERT INTO NHANVIEN VALUES (N'NV8697', N'Truong Khanh Trung', N'Nam', TO_DATE(N'2002-10-09' , 'yyyy-mm-dd'), N'QW44DZGD9NMZ', N'0350931089', 13000000, 17500000, N'Nhan vien', N'NV3163', N'P513');
INSERT INTO NHANVIEN VALUES (N'NV8717', N'Ly Quy Sam', N'Nu ', TO_DATE(N'2002-04-15' , 'yyyy-mm-dd'), N'G4FWNS5B21CRG', N'0333651434', 68000000, 13500000, N'Nhan vien', N'NV4025', N'P096');
INSERT INTO NHANVIEN VALUES (N'NV8735', N'Ly Khanh Trung', N'Nam', TO_DATE(N'2004-01-05' , 'yyyy-mm-dd'), N'9XL5OBKM6M455C4C83E400BKZ', N'0490040774', 24000000, 5500000, N'Nhan vien', N'NV3678', N'P410');
INSERT INTO NHANVIEN VALUES (N'NV8736', N'Le Nguyen Phuc', N'Nam', TO_DATE(N'2002-04-24' , 'yyyy-mm-dd'), N'R0', N'0499564196', 46000000, NULL, N'Nhan vien', N'NV4994', N'P096');
INSERT INTO NHANVIEN VALUES (N'NV8763', N'Cao Anh Trung', N'Nam', TO_DATE(N'2002-10-16' , 'yyyy-mm-dd'), N'5P1', N'0709121174', 56000000, 6000000, N'Truong phong', NULL, N'P410');
INSERT INTO NHANVIEN VALUES (N'NV8772', N'Le Duc Thu', N'Nam', TO_DATE(N'2004-03-16' , 'yyyy-mm-dd'), N'UBD', N'0770596455', 27000000, 13500000, N'Nhan vien', N'NV4286', N'P918');
INSERT INTO NHANVIEN VALUES (N'NV8804', N'Ly Ngoc Viet', N'Nam', TO_DATE(N'2003-08-02' , 'yyyy-mm-dd'), N'QMIJA71Z8YIORIQDTFEY9ZN0LVE', N'0956462034', 57000000, 8000000, N'Nhan vien', N'NV6635', N'P957');
INSERT INTO NHANVIEN VALUES (N'NV8828', N'Ly Quy Thuan', N'Nam', TO_DATE(N'2003-12-12' , 'yyyy-mm-dd'), N'', N'0950183157', 69000000, 14000000, N'Nhan vien', N'NV1169', N'P957');
INSERT INTO NHANVIEN VALUES (N'NV8858', N'Truong Pham Truong', N'Nam', TO_DATE(N'2004-01-07' , 'yyyy-mm-dd'), N'IVCMT2V9', N'0343294105', 17000000, 8500000, N'Nhan vien', N'NV7018', N'P096');
INSERT INTO NHANVIEN VALUES (N'NV8890', N'Mai Tran Khoi', N'Nam', TO_DATE(N'2004-02-01' , 'yyyy-mm-dd'), N'L99RLIWIIABDFCSR9IM9N45VF', N'0152367212', 96000000, 13500000, N'Nhan vien', N'NV9606', N'P513');
INSERT INTO NHANVIEN VALUES (N'NV8891', N'Le Pham Trung', N'Nam', TO_DATE(N'2002-06-05' , 'yyyy-mm-dd'), N'K5EBJPHLF51VVDNLHRQLUU8', N'0475449744', 64000000, 13000000, N'Nhan vien', N'NV3163', N'P629');
INSERT INTO NHANVIEN VALUES (N'NV8897', N'Ho Hoang Viet', N'Nu ', TO_DATE(N'2002-10-27' , 'yyyy-mm-dd'), N'TJ6', N'0621818270', 97000000, 14000000, N'Nhan su', N'NV7302', N'P957');
INSERT INTO NHANVIEN VALUES (N'NV8955', N'Nguyen Quang Sam', N'Nu ', TO_DATE(N'2004-10-18' , 'yyyy-mm-dd'), N'AP5R3T1B8OGJ4', N'0667232253', 38000000, 12500000, N'Truong phong', NULL, N'P215');
INSERT INTO NHANVIEN VALUES (N'NV9046', N'Trinh Ngoc Thu', N'Nu ', TO_DATE(N'2003-12-28' , 'yyyy-mm-dd'), N'675GR9QRMRB4EP3UQBP5RI4', N'0459442823', 18000000, 20000000, N'Truong phong', NULL, N'P513');
INSERT INTO NHANVIEN VALUES (N'NV9066', N'Tran Tran Trung', N'Nu ', TO_DATE(N'2002-07-14' , 'yyyy-mm-dd'), N'AHOY4B2BGLLHZ5W43SOYHOSG', N'0420670912', 81000000, 6000000, N'Nhan vien', N'NV2501', N'P096');
INSERT INTO NHANVIEN VALUES (N'NV9072', N'Le Anh Nguyen', N'Nu ', TO_DATE(N'2003-02-14' , 'yyyy-mm-dd'), N'7I', N'0239160574', 25000000, 8000000, N'Nhan vien', N'NV7018', N'P096');
INSERT INTO NHANVIEN VALUES (N'NV9081', N'Nguyen Nh?t Phuc', N'Nam', TO_DATE(N'2002-10-29' , 'yyyy-mm-dd'), N'0YT6MM3LL503BHUJVFSUYX', N'0329135747', 30000000, 15000000, N'Nhan vien', N'NV7302', N'P629');
INSERT INTO NHANVIEN VALUES (N'NV9144', N'Tran Nh?t Thuan', N'Nam', TO_DATE(N'2002-10-14' , 'yyyy-mm-dd'), N'YT5U9WKV5GF64KYPH4V3AU95', N'0766487458', 51000000, 5000000, N'Truong phong', NULL, N'P957');
INSERT INTO NHANVIEN VALUES (N'NV9148', N'Tran Huong Tai', N'Nam', TO_DATE(N'2002-11-21' , 'yyyy-mm-dd'), N'T', N'0371622853', 75000000, 15500000, N'Truong phong', NULL, N'P096');
INSERT INTO NHANVIEN VALUES (N'NV9188', N'Ly Cao Tai', N'Nu ', TO_DATE(N'2002-04-12' , 'yyyy-mm-dd'), N'YRJNEX', N'0986445784', 59000000, 7500000, N'Truong phong', NULL, N'P918');
INSERT INTO NHANVIEN VALUES (N'NV9248', N'Luong Duc Trung', N'Nu ', TO_DATE(N'2004-04-26' , 'yyyy-mm-dd'), N'EU41AQ8A376DD7D9VMMW0', N'0297877625', 34000000, 14500000, N'Truong phong', NULL, N'P629');
INSERT INTO NHANVIEN VALUES (N'NV9265', N'Luong Nh?t Sam', N'Nu ', TO_DATE(N'2004-07-07' , 'yyyy-mm-dd'), N'760', N'0546429071', 90000000, 10500000, N'Tai chinh', N'NV0965', N'P410');
INSERT INTO NHANVIEN VALUES (N'NV9412', N'Pham Quang Viet', N'Nu ', TO_DATE(N'2002-09-14' , 'yyyy-mm-dd'), N'QVW91LYKT9P80QUX4YHFP33', N'0472159016', 41000000, 14000000, N'Tai chinh', N'NV4994', N'P918');
INSERT INTO NHANVIEN VALUES (N'NV9449', N'Le Cao Truong', N'Nam', TO_DATE(N'2002-02-19' , 'yyyy-mm-dd'), N'RM3CW8DBQ', N'0403614318', 84000000, 10000000, N'Tai chinh', N'NV5833', N'P215');
INSERT INTO NHANVIEN VALUES (N'NV9462', N'Nguyen Khanh Duy', N'Nam', TO_DATE(N'2004-10-23' , 'yyyy-mm-dd'), N'C423L4N5VTHVGFQKCRO', N'0657340117', 67000000, 14500000, N'Tai chinh', N'NV7302', N'P957');
INSERT INTO NHANVIEN VALUES (N'NV9501', N'Pham Tran Duy', N'Nu ', TO_DATE(N'2003-03-30' , 'yyyy-mm-dd'), N'510VHRMER8Y', N'0770745735', 25000000, 12500000, N'Tai chinh', N'NV0965', N'P410');
INSERT INTO NHANVIEN VALUES (N'NV9519', N'Pham Cao Tai', N'Nam', TO_DATE(N'2004-06-15' , 'yyyy-mm-dd'), N'67T9BU0ZA200YA0R2R7I1O1X5QA05N', N'0169205804', 67000000, 17500000, N'Nhan su', N'NV4025', N'P215');
INSERT INTO NHANVIEN VALUES (N'NV9525', N'Tran Pham Nguyen', N'Nam', TO_DATE(N'2002-10-14' , 'yyyy-mm-dd'), N'DRBI02QNCHTKJG', N'0725183494', 79000000, 19000000, N'Nhan su', N'NV7018', N'P957');
INSERT INTO NHANVIEN VALUES (N'NV9606', N'Ly Quy Viet', N'Nam', TO_DATE(N'2003-08-23' , 'yyyy-mm-dd'), N'2', N'0880165030', 92000000, 14000000, N'QL Truc Tiep', NULL, N'P918');
INSERT INTO NHANVIEN VALUES (N'NV9617', N'Ly Anh Khoi', N'Nam', TO_DATE(N'2004-06-25' , 'yyyy-mm-dd'), N'0HO627LH', N'0222411120', 100000000, 15500000, N'Nhan su', N'NV9606', N'P513');
INSERT INTO NHANVIEN VALUES (N'NV9631', N'Luong Tran Trung', N'Nu ', TO_DATE(N'2002-10-08' , 'yyyy-mm-dd'), N'Z', N'0113035295', 11000000, 16500000, N'Nhan su', N'NV5851', N'P918');
INSERT INTO NHANVIEN VALUES (N'NV9639', N'Le Ngoc Viet', N'Nam', TO_DATE(N'2004-10-06' , 'yyyy-mm-dd'), N'FC3TUIA2S35CHN7YXQS', N'0273897222', 45000000, 17500000, N'Truong de an', NULL, N'P957');
INSERT INTO NHANVIEN VALUES (N'NV9656', N'Pham Quy Nguyen', N'Nu ', TO_DATE(N'2002-11-04' , 'yyyy-mm-dd'), N'', N'0839611078', 47000000, 8000000,N'Truong de an', NULL, N'P096');
INSERT INTO NHANVIEN VALUES (N'NV9677', N'Truong Minh Giang', N'Nam', TO_DATE(N'2002-05-16' , 'yyyy-mm-dd'), N'7VZ3U3O44IJN4N79E7ZCE4G2L', N'0703222400', 86000000, 5500000, N'Truong de an', NULL, N'P301');
INSERT INTO NHANVIEN VALUES (N'NV9693', N'Cao Huong Anh', N'Nam', TO_DATE(N'2004-03-23' , 'yyyy-mm-dd'), N'7O', N'0311125949', 44000000, 19500000, N'Ban giam doc', NULL, N'P215');
INSERT INTO NHANVIEN VALUES (N'NV9800', N'Tran Khanh Giang', N'Nam', TO_DATE(N'2004-06-23' , 'yyyy-mm-dd'), N'KV2QMM79LJ', N'0352236095', 77000000, 18000000, N'Ban giam doc', NULL, N'P215');
INSERT INTO NHANVIEN VALUES (N'NV9872', N'Nguyen Ngoc Anh', N'Nam', TO_DATE(N'2004-12-31' , 'yyyy-mm-dd'), N'ALXQ9BEOJGRSF50NH2PORICU0E', N'0108521877', 62000000, 15000000, N'Ban giam doc',NULL, N'P957');
INSERT INTO NHANVIEN VALUES (N'NV9967', N'Tran Duc Phuc', N'Nu ', TO_DATE(N'2003-10-15' , 'yyyy-mm-dd'), N'FCNFEQW7HBICI6BIZ1X528RQ', N'0872317104', 66000000, 14000000, N'Ban giam doc', NULL, N'P918');
INSERT INTO NHANVIEN VALUES (N'NV9983', N'Tran Hoang y', N'Nu ', TO_DATE(N'2004-04-01' , 'yyyy-mm-dd'), N'WYCJQLTZNUZS0GNVE10GXLOY4F3LZK', N'0116351386', 32000000, 11500000, N'Ban giam doc', NULL, N'P096');
--------------------------------------------------------------------------------------------------------------------------------------------------------------------------------------------------------------------------------------------------------------------------------------------------------------------------
INSERT INTO DEAN VALUES (N'DA0896', N'? n 96', TO_DATE(N'2016-06-08' , 'yyyy-mm-dd'), N'P301');
INSERT INTO DEAN VALUES (N'DA2358', N'? n 91', TO_DATE(N'2016-08-30' , 'yyyy-mm-dd'), N'P513');
INSERT INTO DEAN VALUES (N'DA3321', N'? n 13', TO_DATE(N'2017-10-12' , 'yyyy-mm-dd'), N'P096');
INSERT INTO DEAN VALUES (N'DA3695', N'? n 79', TO_DATE(N'2019-03-17' , 'yyyy-mm-dd'), N'P410');
INSERT INTO DEAN VALUES (N'DA6204', N'? n 02', TO_DATE(N'2019-12-10' , 'yyyy-mm-dd'), N'P410');
INSERT INTO DEAN VALUES (N'DA6405', N'? n 26', TO_DATE(N'2017-03-24' , 'yyyy-mm-dd'), N'P410');
INSERT INTO DEAN VALUES (N'DA7404', N'? n 64', TO_DATE(N'2017-08-13' , 'yyyy-mm-dd'), N'P513');
INSERT INTO DEAN VALUES (N'DA9729', N'e n 14', TO_DATE('2019-01-31', 'yyyy-mm-dd'), N'P918');
--------------------------------------------------------------------------------------------------------------------------------------------------------------------------------------------------------------------------------------------------------------------------------------------------------------------------
INSERT INTO PHANCONG VALUES ('NV0238', 'DA2358', N'62 thng');
INSERT INTO PHANCONG VALUES (N'NV0243', N'DA3695', N'14 thng');
INSERT INTO PHANCONG VALUES (N'NV0244', N'DA3321', N'85 thng');
INSERT INTO PHANCONG VALUES (N'NV0791', N'DA2358', N'57 thng');
INSERT INTO PHANCONG VALUES (N'NV1167', N'DA0896', N'53 thng');
INSERT INTO PHANCONG VALUES (N'NV1393', N'DA0896', N'24 thng');
INSERT INTO PHANCONG VALUES (N'NV1814', N'DA2358', N'65 thng');
INSERT INTO PHANCONG VALUES (N'NV1877', N'DA9729', N'12 thng');
INSERT INTO PHANCONG VALUES (N'NV2030', N'DA7404', N'62 thng');
INSERT INTO PHANCONG VALUES (N'NV2062', N'DA9729', N'29 thng');
INSERT INTO PHANCONG VALUES (N'NV2566', N'DA0896', N'95 thng');
INSERT INTO PHANCONG VALUES (N'NV2618', N'DA3695', N'20 thng');
INSERT INTO PHANCONG VALUES (N'NV2926', N'DA2358', N'21 thng');
INSERT INTO PHANCONG VALUES (N'NV2968', N'DA3695', N'27 thng');
INSERT INTO PHANCONG VALUES (N'NV3163', N'DA3321', N'49 thng');
INSERT INTO PHANCONG VALUES (N'NV3411', N'DA0896', N'97 thng');
INSERT INTO PHANCONG VALUES (N'NV3468', N'DA2358', N'71 thng');
INSERT INTO PHANCONG VALUES (N'NV3958', N'DA2358', N'89 thng');
INSERT INTO PHANCONG VALUES (N'NV4318', N'DA9729', N'15 thng');
INSERT INTO PHANCONG VALUES (N'NV4625', N'DA7404', N'92 thng');
INSERT INTO PHANCONG VALUES (N'NV4723', N'DA2358', N'25 thng');
INSERT INTO PHANCONG VALUES (N'NV4802', N'DA0896', N'47 thng');
INSERT INTO PHANCONG VALUES (N'NV4877', N'DA3695', N'51 thng');
INSERT INTO PHANCONG VALUES (N'NV4897', N'DA3695', N'58 thng');
INSERT INTO PHANCONG VALUES (N'NV5053', N'DA9729', N'14 thng');
INSERT INTO PHANCONG VALUES (N'NV5165', N'DA6405', N'38 thng');
INSERT INTO PHANCONG VALUES (N'NV5355', N'DA3321', N'66 thng');
INSERT INTO PHANCONG VALUES (N'NV5429', N'DA3321', N'85 thng');
INSERT INTO PHANCONG VALUES (N'NV5561', N'DA7404', N'48 thng');
INSERT INTO PHANCONG VALUES (N'NV5581', N'DA7404', N'69 thng');
INSERT INTO PHANCONG VALUES (N'NV6204', N'DA9729', N'11 thng');
INSERT INTO PHANCONG VALUES (N'NV6346', N'DA3695', N'60 thng');
INSERT INTO PHANCONG VALUES (N'NV6369', N'DA2358', N'53 thng');
INSERT INTO PHANCONG VALUES (N'NV6640', N'DA6204', N'24 thng');
INSERT INTO PHANCONG VALUES (N'NV6657', N'DA3321', N'69 thng');
INSERT INTO PHANCONG VALUES (N'NV6818', N'DA3321', N'41 thng');
INSERT INTO PHANCONG VALUES (N'NV6967', N'DA6405', N'56 thng');
INSERT INTO PHANCONG VALUES (N'NV6994', N'DA9729', N'82 thng');
INSERT INTO PHANCONG VALUES (N'NV7137', N'DA9729', N'19 thng');
INSERT INTO PHANCONG VALUES (N'NV7138', N'DA7404', N'73 thng');
INSERT INTO PHANCONG VALUES (N'NV7372', N'DA2358', N'21 thng');
INSERT INTO PHANCONG VALUES (N'NV7819', N'DA7404', N'70 thng');
INSERT INTO PHANCONG VALUES (N'NV7936', N'DA0896', N'76 thng');
INSERT INTO PHANCONG VALUES (N'NV8068', N'DA3321', N'32 thng');
INSERT INTO PHANCONG VALUES (N'NV8163', N'DA9729', N'26 thng');
INSERT INTO PHANCONG VALUES (N'NV8184', N'DA7404', N'71 thng');
INSERT INTO PHANCONG VALUES (N'NV8406', N'DA3321', N'12 thng');
INSERT INTO PHANCONG VALUES (N'NV8419', N'DA9729', N'47 thng');
INSERT INTO PHANCONG VALUES (N'NV8540', N'DA6204', N'63 thng');
INSERT INTO PHANCONG VALUES (N'NV8627', N'DA9729', N'37 thng');
INSERT INTO PHANCONG VALUES (N'NV8735', N'DA0896', N'75 thng');
INSERT INTO PHANCONG VALUES (N'NV8804', N'DA7404', N'99 thng');
INSERT INTO PHANCONG VALUES (N'NV9046', N'DA3321', N'51 thng');
INSERT INTO PHANCONG VALUES (N'NV9248', N'DA6405', N'55 thng');
INSERT INTO PHANCONG VALUES (N'NV9639', N'DA3695', N'69 thng');
INSERT INTO PHANCONG VALUES (N'NV9656', N'DA2358', N'35 thng');
INSERT INTO PHANCONG VALUES (N'NV9677', N'DA3695', N'80 thng');
INSERT INTO PHANCONG VALUES (N'NV9800', N'DA3321', N'71 thng');
INSERT INTO PHANCONG VALUES (N'NV9967', N'DA6204', N'56 thng');

